時間戳記,品名,食材,步驟,圖片
12/25/2024 22:40:29,滷排骨,"里肌肉3片, 地瓜粉適量, 水450毫升,醬油80毫升, 糖15克, 蔥3支, 醬油45毫升, 糖20克, 蒜4瓣, 蛋1顆, 五香粉3克, 白胡椒粉5克","1. 將塑膠袋蓋在里肌肉上，用桿麵棍拍打，使肉片變得更鬆軟
2. 將里肌肉、醬油、糖、蒜泥、蛋、五香粉、白胡椒粉放入碗中，攪拌均勻，蓋上保鮮膜，放入冰箱冷藏醃製半天
3. 拿出醃製完成的里肌肉，表面均勻沾裹地瓜粉，靜置5分鐘至反潮後，放入180度的油鍋中炸至兩面金黃即可取出備用。（反潮指的是表面乾粉濕潤，油炸時較不易掉粉）
4. 電鍋內鍋中倒入水、醬油、糖、青蔥、炸過的排骨，以電鍋外鍋1杯水至排骨入味",https://drive.google.com/open?id=1pJ2XTguuDnNVOM3xRkI3VDBWkqAOUKOb
12/25/2024 22:41:09,涼拌四季豆,"四季豆30根, 蒜瓣2瓣, 蔥1/4根, 辣椒1/4根, 白芝麻1小匙, 醬油3小匙","1.	四季豆摘除兩端頭尾及側邊粗纖維，泡水換水3次洗淨瀝乾。
2.	蒜瓣洗淨切掉蒂頭拍碎去膜切末、辣椒洗淨順紋對半剪開抽掉辣椒籽再剪末、蔥洗淨剪末。
3.	白芝麻量好備用、無添加醬油開瓶後放冷藏保鮮。
4.	起湯鍋水滾加（鹽1/3小匙及油2小匙不在材料裡）放四季豆蓋鍋汆燙燙3分鐘。
5.	汆燙熟的四季豆撈進可飲用的淨水泡涼，四季豆瞬冷吃起來口感Q彈。
6.	取乾淨碗將所有材料拌勻。",https://drive.google.com/open?id=18gAIWKJdAeqCoATxr2QnqPri81Rft9Y6
12/25/2024 22:41:40,糖醋虱目魚皮 ,"虱目魚皮600克, 蒜瓣4瓣, 彩椒3顆, 洋蔥1顆, 酪梨油2小匙, 莓果醋3大匙, 蜂蜜1大匙, 素蠔油1大匙","
1.	虱目魚皮封後洗淨用料理剪刀剪6公分左右長塊。
2.	洋蔥洗淨切掉兩端蒂頭剝膜順紋切對半再切塊。
3.	彩椒洗淨對半剖開切掉蒂頭洗掉籽籽切塊。
4.	蒜洗過切掉蒂頭拍碎剝膜。
5.	取乾淨的碗把(糖醋醬汁)材料放在碗裡調勻備用。
6.	鍋小火放(油)均勻擺好(虱目魚皮)魚皮面朝上，蓋鍋煎5分鐘。
7.	5分鐘到用鍋鏟跟筷子小心一一幫虱目魚皮塊翻面，蓋鍋煎2分鐘，把蒜瓣放到鍋中用鍋中魚油爆香。
8.	聞到蒜香把(糖醋醬汁)加進來，搖晃鍋子跟用炒匙背推虱目魚皮讓每塊魚皮均勻沾到糖醋汁
9.	燒煮至醬汁滾起，把虱目魚皮先盛盤，醬汁留在鍋中。
10.	用燴虱目魚皮原鍋及醬汁，把(洋蔥塊)加進來拌炒，蓋鍋蒸炒4分鐘讓洋蔥從辛辣味焦化產生甜味。
11.	4分鐘後打開鍋蓋翻炒一下洋蔥塊已聞到甜味，再把(甜椒塊)放進來翻炒1分鐘，熄火，完成。
12.	盛盤時的操作，把煎香的虱目魚皮倒回洋蔥甜椒鍋裡，用鍋鏟分次鏟起裝盤，每次鏟三種(魚皮洋蔥甜椒)都雨露均霑一起鏟盛盤，看起來很繽紛。
",https://drive.google.com/open?id=1Ym8dZbl70ArYxvJBqZ6SnQTSQmAB9xLW
12/25/2024 22:42:12,花雕雞,"土雞腿2隻, 紅蘿蔔1條, 小黃瓜1條, 玉米筍8根, 洋蔥1顆, 蒜瓣5瓣, 酪梨油1小匙, 花雕酒150毫升, 素蠔油1.5大匙, 豆瓣醬3/4大匙, 白胡椒粉1/3小匙, 黑胡椒粒1/3小匙","
1.	配菜可以選自己喜歡吃的，我用紅蘿蔔、小黃瓜、洋蔥、玉米筍。
2.	蒜瓣洗過切掉蒂頭拍碎剝膜。
3.	雞腿要好吃，雞腿肉先煸金黃，鍋小火把(雞腿塊)皮面朝鍋底，蓋鍋煎9分鐘。
4.	9分鐘到打開鍋蓋用筷子幫雞腿一一翻面，再把(蒜瓣)加進來用雞腿皮冒出的油脂爆香。
5.	蒜香出沒後把(洋蔥塊)放進來翻拌炒。
6.	再把(紅蘿蔔塊)放進來翻炒，蓋鍋蒸炒3分鐘。
7.	3分鐘到蒜香洋蔥甜紅蘿蔔甜都具備了再次翻炒，把(花雕醬汁)淋進來用炒匙翻炒讓雞腿塊每塊都均勻沾到花雕醬汁，蓋鍋煨3分鐘。
8.	3分鐘到打開鍋蓋，香氣層次多了花雕酒香氣很棒，再次翻炒。
9.	把(小黃瓜、玉米筍)加進來拌炒2分鐘，熄火，花雕雞完成。
",https://drive.google.com/open?id=1XF0wLSqZuLavdhkVtC_RQ1F0IOAEV4DL
12/25/2024 22:42:44,三杯虱目魚皮,"虱目魚皮300克, 老薑片10片, 洋蔥1顆, 蒜瓣4顆, 青江菜6株, 黑麻油1.5大匙, 醬油1大匙, 米酒3大匙, 白胡椒粉1/4小匙, 黑胡椒粒1/4小匙

","
1.	冷凍虱目魚皮一包300克，冷凍水產超市或網路很方便買，烹煮前一餐放冷藏低溫解凍，烹煮前拆封沖洗過去血水用廚房紙巾拭乾，剪3-4公分段撒上1/4小匙鹽(不在材料裡)，這樣方便煎也方便吃。
2.	老薑洗淨切薄片較好煸。 
3.	蒜洗過拍碎剝膜。
4.	洋蔥洗過切掉兩端蒂頭剝膜順紋切粗絲。 
5.	青江菜純粹當配菜，洗淨每棵對半切。
6.	三杯料理薑蒜先用黑麻油先煸出香氣整道料理香氣迷人，鍋小火放(黑麻油1大匙)先放(薑片跟蒜瓣)煸至薑片微捲才香，蒜瓣微金黃後先盛起。
7.	用煸香薑蒜的原鍋原油，魚皮面朝鍋底分次煎至每片魚皮都為金黃，魚皮下鍋前用廚房紙巾再拭乾一次才不會油爆。
8.	用煎香魚皮的原鍋原油，放(洋蔥絲)跟(煸香的薑蒜)回鍋中，拌炒後把(三杯醬汁除已加過的黑麻油)全部加進來拌炒，蓋鍋蒸炒3分鐘讓洋蔥炒軟甜味釋出。
",https://drive.google.com/open?id=1SPTZYzNeT78xdhDl8OCk6OuQukPoWBu-
12/25/2024 22:43:49,花雕酒燒雞腿," 土雞腿2支, 蒜瓣4瓣, 青蔥1根, 乾香菇10朵, 玄米油1小匙, 花雕酒3大匙, 素蠔油1大匙, 胡椒鹽1小匙","
1.	台灣土雞腿跟人一樣有運動肉Q肥油少，請攤商姐姐幫切大塊，烹煮前每塊沖洗檢查有無碎骨頭。
2.	乾香菇沖洗過後放30分鐘就會變略軟可不用泡，這樣能保持香菇的香氣；蒜瓣洗過拍碎剝膜；蔥洗淨剪食指長段(蔥綠等待雞腿熟成時間再剪絲泡淨水當盤飾用)。
3.	取一個乾淨的碗把(花雕醬汁)調勻備用。
4.	燒雞要好吃，雞腿肉先煸金黃，鍋小火把（雞腿塊)皮面朝鍋底，蓋鍋煎9分鐘。
5.	9分鐘到打開鍋蓋用筷子幫雞腿一一翻面，再把(蒜瓣)加進來用雞腿皮冒出的油脂爆香。
6.	蒜香出沒後把(乾香菇)放進來翻炒一下，蓋鍋煎3分鐘乾香菇要煎出香氣整道菜更迷人。
7.	3分鐘到蒜香、香菇香都具備了再次翻炒一下，再把(花雕醬汁)淋進來用炒匙翻炒讓雞腿塊每塊都均勻沾到花雕醬汁，把蔥白段也加進來再次翻炒，蓋鍋煨3分鐘。
8.	3分鐘又到，打開鍋蓋再次翻炒讓材料更融合，轉中火開蓋燒煮30秒，這樣醬汁能收得很好，熄火，完成。
9.	花雕酒馥郁芬芳用來燒肉滋味很迷人，有酒香氣但沒有酒味。
",https://drive.google.com/open?id=1S0D58OWPE6Ar592r3BbYeDG3T3EqsHEI
12/25/2024 22:44:20,涼拌小黃瓜,"小黃瓜5-6條, 莓果醋4大匙, 蒜瓣4瓣, 鹽1/2小匙

","
1.	材料很簡單跟野櫻莓果醋，敢吃蒜可以加上蒜瓣，果醋沒有限定我習慣用這支純釀吃起來安心日常當飲品也用來入菜。
2.	小黃瓜泡在流水中浸泡20分鐘，再用洗菜菜瓜布刷洗乾淨。
3.	爬山跟自耕小農老人家買的小黃瓜，外型小賣相不好幫買讓老人家早點回家休息，小黃瓜洗淨後切掉兩端蒂頭，平放在佔板上用剁刀面拍過，再切5公分長段，拍碎小黃瓜動作很舒壓很像打地鼠。
4.	天氣太熱生食要注意保鮮，把小黃瓜依每餐食用量分兩個保鮮盒醃製，均勻撒鹽加進蒜瓣，蓋上密封盒，搖10下後放冷藏冰1小時。
5.	1小時後取出，再次用乾淨的手抓壓一下小黃瓜，殺青的小黃瓜青汁釋出，倒掉。
6.	每一盒淋上2大匙果醋。
",https://drive.google.com/open?id=1Zdl0ha3Rb-VfZKulFiqadPPSlnSF9UVj
12/25/2024 22:44:48,麻婆豆腐,"豬絞肉150克, 嫩豆腐1盒, 花椒5克, 乾辣椒10克, 蒜末20克, 辣椒10克, 蔥白20克, 蔥綠20克, 辣豆瓣大匙, 醬油1大匙, 米酒1大匙, 砂糖1大匙, 水1.5碗, 鹽巴1小匙, 玉米粉水適量","
1.	豆腐切丁，再切蒜末、蔥綠、蔥白、辣椒
2.	花椒油：炒鍋冷鍋冷油，放花椒、乾辣椒，開小火煸香（小火煸出香氣即可，火太大會焦苦）
3.	將花椒油濾出備用，煸炒過的花椒、乾辣椒切碎備用
4.	炒鍋放適量花椒油，煸炒絞肉至8分熟，再放入花椒、乾辣椒碎、蔥白、蒜末，再加1大匙辣豆腐炒出香氣
5.	接著加調味料，醬油、米酒鍋邊加入嗆香，加糖和鹽拌炒均勻，再加水煮沸
6.	放入豆腐煨煮3分鐘，再用玉米粉水勾芡至濃稠（太白粉水也可以）最後蔥綠、辣椒配色點綴一下即可
",https://drive.google.com/open?id=1Cz641FQvyzqRGASCXEFS7TkQzE0nkNqq
12/25/2024 22:45:19,香腸蛋炒飯,"隔夜飯300g, 香腸3根, 雞蛋2顆, 蔥花2支, 蒜末2小瓣, 芹菜末50g, 調味料鹽1.5小匙, 黑胡椒粉1小匙

","
1.	香腸先用滾水煮熟，煮熟後切成小塊備用。
2.	兩顆蛋黃加入隔夜飯中拌勻備用。
3.	熱鍋加點油，蛋白入鍋炒熟後取出備用。
4.	同鍋放入香腸塊炒至表面微焦後取出。
5.	爆香蔥白與蒜末，加入芹菜炒出香味。
6.	放入拌好蛋液的白飯，盡量炒至粒粒分明。
7.	加入所有調味料與香腸塊炒勻。
8.	加入蛋白炒散後放入蔥綠拌勻即可
",https://drive.google.com/open?id=1zvcGLrZPvq8NqrED9njx4wpW_pT0B5Ti
12/25/2024 22:45:43,蒜香烤雞翅,"單翅1公斤, 蒜頭3瓣, 百里香或義式香料適量, 鹽1.5茶匙, 
黑胡椒粉1茶匙, 紅椒粉2茶匙, 優質橄欖油1湯匙

","
1.	雞翅洗淨瀝乾，加入切片的蒜頭、新鮮百里香或義式香料，鹽、黑胡椒粉、橄欖油和紅椒粉抓勻，密封冷藏八小時
2.	烤箱預熱到200度，烤盤先鋪一層鋁箔紙，再放上烘焙紙，排上雞翅，面朝上，入烤箱烤15分鐘；
3.	取出翻面，讓雞翅內部朝上，再入烤箱烤10分鐘；
4.	最後一次翻面，雞翅正面朝上；
5.	放烤箱上層，烤五分鐘到雞皮上色；
6.	完成後取出裝盤即可；這樣烤出來的雞翅，除了單吃就很讚之外，也可以搭配喜歡的醬料ㄧ起食用。
",https://drive.google.com/open?id=1OW_H8NsRVQivTM2tBJrV8RV6BBEwKgDy
12/25/2024 22:46:12,"馬鈴薯紅蘿蔔燉肉

","豬梅花火鍋薄切肉片350克, 澳洲白玉馬鈴薯3顆, 紅蘿蔔1條, 洋蔥半顆, 青蔥1根, 柴魚片5克, 香菇醬油3大匙, 味醂1大匙, 冷水800毫升, 
香菇醬油2大匙, 米酒水2大匙, 胡椒粉1小匙, 

","
1.	先醃製梅花火鍋薄切肉片，香菇醬油2大匙，米酒2大匙，胡椒粉1小匙，抓醃製15分鐘。
2.	澳洲白玉馬鈴薯、紅蘿蔔切塊，洋蔥切絲
3.	青蔥切花，柴魚片5克
4.	鑄鐵鍋加油中小火熱鍋，調中火下梅花火鍋薄切肉片煎至半熟盛起備用。
5.	加一些油，中小火將洋蔥炒香，紅蘿蔔微煎一下。
6.	放入馬鈴薯、柴魚片，香菇醬油3大匙，味霖1大匙，冷水800毫升攪動均勻中大火煮滾後，蓋鍋調至中小火繼續燉煮25分鐘左右。
7.	開鍋用筷子戳確認馬鈴薯與紅蘿蔔是否鬆軟？在將鍋內食材推至鍋邊，中間放入豬梅花薄切肉片調中小火繼續悶燉煮3～5分鐘。
8.	開鍋，撒上蔥花就完成囉！
",https://drive.google.com/open?id=1Qkfbt-1P7MsvoZrFUM5-QahnbqtaMXqR
12/25/2024 22:46:41, 客家鹹湯圓,"小湯圓4人份, 茼蒿菜1把, 豬肉絲1大把, 乾香菇小的10朵, 蝦米1小把, 紅蔥酥1把, 蒜頭3瓣, 蔥花2根, 米酒1瓶蓋, 鹽1/2小匙, 白胡椒粉1小匙, 玉米粉1匙, 醬油2大匙, 泡香菇的水1碗, 白胡椒粉適量, 水1200毫升, 鹽1/2小匙, ","
1.	配料食材準備，乾香菇事先泡水軟化切絲，豬肉絲醃肉放置5分鐘，蔥白跟青蔥分開。
2.	準備炒菜時，旁邊備一鍋滾水，煮湯圓用。
3.	下油小火炒酥紅蔥酥後再將蔥酥勺出來。
4.	用剛剛炒香蔥酥的油來炒香菇、蝦米、蔥白，將其爆香後勺出來。
5.	鍋中再加入油，倒入肉絲及蒜末炒香。
",https://drive.google.com/open?id=1WbsaGdk8imv7uQ5HR8-7EsBWibRScgIO
12/25/2024 22:47:15,"彩虹玉米奶醬麵

","雞蛋麵110克/人, 彩虹玉米1條, 培根1片, 洋蔥1/4個, 奶油10克, 日式高湯150cc, 鮮奶油3大匙, 香菜少許, 起司粉15克, 黑胡椒少許, 味醂1小匙, 醬油1/2小匙, 

","
1.	玉米洗淨後，以刀削出玉米粒；將洋蔥、培根切丁
2.	平底鍋中放入奶油以中火熱鍋，加入培根炒至香味出來
3.	加入彩虹玉米粒及洋蔥炒至半透明
4.	倒入日式高湯、鮮奶油，將彩虹玉米粒煮熟
5.	加入起司粉及其他調味料稍微加熱後熄火預備
6.	另取一鍋煮至水滾後，放入好勁道月見雞蛋麵（煮5-7分鐘，依個人喜好口感調整烹調時間）
7.	將麵及醬料均勻攪拌後盛盤，撒上黑胡椒及香菜點綴
",https://drive.google.com/open?id=1RIY2am2O_3-Ty0W3DRfl-x154Hw0fm2F
12/25/2024 22:47:45,"燒酒雞

","土雞腿2支, 米血糕300克, 燒酒雞藥包1帖, 紅棗30顆, 白胡椒粉1小匙, 鹽1/3小匙, 米酒200cc, 

","
1.	燒酒雞藥包、紅棗蔘藥行都很好買，藥材洗過瀝乾裝回綿袋裡；紅棗洗過泡水換水2次；米血糕拆封後洗過切塊備用。
2.	起湯鍋水滾放仿土雞腿塊汆燙，水滾後開蓋汆燙3分鐘讓雞腿內的廢喳喳被煮出，熄火端到水槽每塊雞腿沖洗乾淨，放電鍋內鍋。
3.	把燒酒雞藥包、米酒加進鍋中，加水淹過雞肉，外鍋300CC淨水，按下電鍋煮至跳起。
4.	電鍋跳起用塊子搓雞腿已能穿透但可以再軟嫩一點，撈掉浮油，再把紅棗、米血糕、白胡椒粉加進來，外鍋100CC淨水，再次按下電鍋煮至跳起。
5.	二段式燉的方式，紅棗有味也有口感、米血糕有Q也不會太軟爛，雞肉二燉後更入口即化，盛碗前再加鹽，完成。
",https://drive.google.com/open?id=11cjPytUvhYO2MzmPRff8VwEZLJUPI8fR
12/25/2024 22:48:14,"玉米濃湯

","冷凍玉米100克, 
玉米醬罐頭400克, 
紅蘿蔔丁100克, 
培根/火腿2片, 
小洋蔥(紅葱頭)100克, 
蒜末(3瓣)15克, 
無塩奶油20克, 
牛奶500毫升, 
水2-300毫升, 
黑胡椒粉1/4茶匙, 
塩適量
","
1.	洋葱和紅蘿蔔去皮、去蒂、切小丁(同玉米粒大小) 蒜頭去皮、切碎。培根縱向切絲(寬同玉米粒)/火腿切小丁(同玉米粒大小) 冷凍玉米過水去霜、瀝乾。
2.	湯鍋開中大火，下奶油。 奶油融化，下洋葱拌炒。 洋葱軟化，下蒜末、培根(火腿)拌炒。 聞到蒜香、培根卷曲(火腿微焦)，下玉米粒、紅蘿蔔拌炒。 紅蘿蔔顔色變深，下玉米醬
3.	下牛奶、水，蓋上蓋子煮滾。 試味道下塩，拌勻。 熄火，下黑胡椒粉拌勻。
",https://drive.google.com/open?id=1Zv6wzIBI8SaxWrGA02DZ-Q1F6KeXvRrJ
12/25/2024 22:49:31,"客家小炒 

","五花肉片600g, 
黑豆乾8片, 
乾魷魚（逆紋切條）1片, 
蒜頭5-6瓣, 
辣椒1根, 
蒜苗（切段）3根, 
醬油2大匙, 
醬油膏1大匙, 
米酒適量, 
砂糖1小匙, 

","
1.	鍋內加入一小匙的榛果油，榛果油遇高溫不容易起油煙，適合用來煸炒料理。用中小火將五花肉的油脂煸出，同時讓五花肉也金黃上色，盛盤備用。
2.	利用方才的油將豆乾也炒至金黃上色，盛盤備用。
3.	五花肉及豆乾下鍋稍作拌炒後加入切條的魷魚後放入蒜瓣，再倒入靈魂醬汁。
4.	拌炒至均勻上色後至醬汁慢慢收乾，最後加入蒜苗，大火快炒後即完成。
",https://drive.google.com/open?id=1KunXAV5oWIuN8o2Go8cPkEgiizzdTPzh
12/25/2024 22:50:14,"瓜仔肉

","豬絞肉300 克
罐頭蔭瓜或脆瓜100 克
辣椒1 根
蒜頭1 瓣
薑5 克
蔥1 支
罐頭湯汁25 毫升
蠔油1 大匙
胡椒粉少許
水50 毫升
","
1.	蔭瓜/脆瓜切碎，辣椒切末，蒜頭、薑磨泥，蔥切蔥花
2.	鍋中放少許油，將豬絞肉炒至顏色轉白
3.	加入蔭瓜/脆瓜、蒜泥、薑泥
4.	拌炒均勻再加入罐頭湯汁、蠔油、水燒煮，將湯汁收乾至喜歡的稠度
5.	加入胡椒粉拌炒
6.	起鍋前加入辣椒、蔥花拌勻，即可盛起搭配飯、麵享用
",https://drive.google.com/open?id=1f1IyLIJRvZswSq4BL11MgyMU3DUjjSqH
12/25/2024 22:50:55,"奶油雞肉燉菜

","去骨雞腿排2片
洋蔥95克
鴻喜菇50克
馬鈴薯200克
冷凍綠花椰菜75克
蘋果110克
無鹽奶油15克
低筋麵粉40克
牛奶200克
水400克
鹽巴少許
黑胡椒粒少許
沙拉油少許
","
1.	鍋中加入少許沙拉油，雞腿排煎至兩面金黃後，用剪刀剪成塊狀
2.	原鍋加入洋蔥（切成塊狀）、鴻喜菇拌炒
3.	加入馬鈴薯塊拌炒至表面上色（撈起備用）
4.	（白醬）無鹽奶油於鍋中融化後，轉小火加入麵粉炒至不見顆粒，倒入水和牛奶 放入剛煎好的其它食材，煮滾後蓋上鍋蓋轉小火煮15分鐘。
5.	加入綠花椰菜、華盛頓加拉蘋果（切成塊狀） 小火再煮5分鐘
6.	加入鹽巴、黑胡椒粒調味
7.	最愛奶油雞肉燉菜搭配麵包品嚐，也可配飯或麵喔！
",https://drive.google.com/open?id=1V81sg1MQC0GGW48usznNfaAsO_5C-aoW
12/25/2024 22:51:32,"剝皮辣椒雞湯

","翅小腿8隻
去骨雞腿1份
剝皮辣椒罐頭1罐
愛之味脆瓜1罐
蒜頭4瓣
薑片10片
米酒2大匙
水適量
","
1.	起一鍋水，放入薑片4片，水滾後，放入雞肉，米酒川燙後撈起備用
2.	另起一鍋冷水，放入薑片6片，蒜頭4瓣，川燙過的雞肉
3.	倒入剝皮辣椒罐頭裡的湯汁
4.	倒入愛之味脆瓜的湯汁，米酒1大匙
5.	煮滾後，轉小火煮15分鐘
6.	放入剝皮辣椒跟脆瓜（整罐或半罐都可以），繼續煮10分鐘就完成✅
",https://drive.google.com/open?id=1rgqWwt19zNks-6R02u099NHc4VTXGuRs
12/25/2024 22:52:09,"紅燒板豆腐

","板豆腐1 盒 （400克）
蒜頭2 瓣
嫩薑1 片
青蔥1 根
水150 毫升
醬油20 毫升
黑糖10 克
月桂葉3 片
白胡椒適量
","
1.	板豆腐壓重物20分鐘，壓出水分，切塊。 蒜頭切碎，薑片切末，青蔥斜切。
2.	少許油，炒香蒜頭、薑末。 放入板豆腐兩面煎至金黃。
3.	兩面上色後，加入水、醬油、黑糖、月桂葉、白胡椒，上蓋小火煮4分鐘，板豆腐翻面，再煮4分鐘。
4.	轉中大火收汁，撒入青蔥。
",https://drive.google.com/open?id=1312Ixs1xmc5hR3MoQzi6Ci2dvRm6cJBq
12/25/2024 22:52:55,"馬鈴薯乳酪絲蝦球

","白蝦10隻
馬鈴薯2顆
乳酪絲適量
麵包粉適量
雞蛋1顆
鹽1小匙
胡椒粒適量
米酒1瓶蓋
","
1.	馬鈴薯去皮切成薯條狀灑上一小撮鹽，蒸熟後壓成泥。
2.	挖取一些馬鈴薯泥包上乳酪絲及白蝦（尾巴露出來）
3.	先沾上一層麵包粉，放入冷凍庫20-30分鐘定型。
4.	取出沾上蛋液
5.	再裹上麵包粉，放置3分鐘。
6.	油鍋加熱，可以丟一小顆麵包粉測試油溫，會看到麵包粉浮在上面立馬冒泡就可以炸了。
7.	炸的過程中都是中火，直到稍微上色後取出，放置3分鐘，（拿一根筷子在側邊穿一個洞）後再放入油鍋回炸約30秒。
8.	圓滾滾可愛的蝦球就完成囉。
",https://drive.google.com/open?id=1ETWTG4HdVBSW5YTRIu0WwVtGgYx4QVq4
12/25/2024 22:53:38,"韓式拌飯

","白米1.5米杯
豬五花肉片100公克
黃豆芽50公克
紅蘿蔔60公克
水蓮20公克
泡菜適量
韓式辣椒醬（拌飯用）1大匙
水250ml
鹽1/2小匙
韓式芝麻油1大匙
醬油1大匙
米酒1大匙
韓式芝麻油1小匙
韓式辣椒醬2小匙
","
1.	黃豆芽洗淨後，可剝除尾部硬鬚。
2.	紅蘿蔔切絲；水蓮切段。
3.	豬肉加入〔醃豬肉料〕，揉按混勻。
4.	洗好的米放入鍋中，加水。
5.	放入鹽和韓式芝麻油，稍做攪拌。
6.	舖上材料，蓋上鍋蓋。
7.	設定「白米」「鍋巴」3杯模式，按下開始鍵。
8.	提示音響起後，加泡菜、韓式辣椒醬拌勻。
",https://drive.google.com/open?id=1V1ATxOSJHSR_QcIznrdxMjRlWad5bb3B
12/25/2024 22:54:17,"蘋果燒排骨

","蘋果130克
排骨440克
洋蔥50克
蒜頭6瓣
冰糖1茶匙
米酒1大匙
辣椒醬1茶匙
醬油2大匙
","
1.	煮水，水滾後將排骨汆燙去血水，撈起備用。
2.	「華盛頓加拉蘋果」削皮，刨成泥狀。洋蔥切末。蒜頭切末。
3.	取碗，放入蘋果泥、辣椒醬、醬油、米酒拌勻。
4.	熱鍋熱油，放入冰糖炒融化，倒入排骨炒上色。
5.	依序加入蒜末、洋蔥末炒出香氣。
6.	倒入做法4蘋果泥等稍微拌炒。
7.	倒入800cc水，水滾轉小火燒煮至排骨軟嫩入味。
",https://drive.google.com/open?id=1Nrs5uhBmPN8EX3KrVFzvZwdgUyUSf4dR
12/25/2024 22:55:03,"韓式蘿蔔牛肉湯

","白蘿蔔300g
牛肉火鍋片200g
青蔥30g
蒜頭1大匙
醬油1大匙
米酒1大匙
香油1茶匙
鹽¼茶匙
牛肉粉¼茶匙
黑胡椒粉¼茶匙
熱水1ℓ
","
1.	白蘿蔔切薄片，越薄越好
2.	鍋熱倒植物油，加入蒜末、牛肉片、醬油、香油翻炒
3.	白蘿蔔下鍋翻炒
4.	所有食材炒出香氣
5.	沖入熱水，加點米酒
6.	小火燉煮10~15分鐘
7.	調入鹽、牛肉粉、黑胡椒粉，撒上蔥末即可
",https://drive.google.com/open?id=1PXBCsLPBXDFjK0h8Vvj0Ub0ESxuvsK4B
12/25/2024 22:55:38,"豆腐魚丸排骨湯

","豬龍骨450克
虱目魚丸8顆
家常豆腐1盒
白胡椒粉1/3小匙
鹽1/5小匙
","
1.        排骨買豬龍骨洗過去髒，起湯鍋水滾放排骨汆燙至滾起再開鍋滾1分鐘，讓排骨的沫渣渣被釋出，熄火整鍋端到水槽，用冷水把排骨沖洗乾淨，用煮好要盛裝的碗公量水量裝乾淨的水設定計時器蓋鍋小火熬40分鐘，湯汁的顏色已呈現乳白，湯頭也有淡雅的清香。
2.        魚丸買喜歡吃的，烹煮前一晚放冷藏低溫解凍，用小刀劃十字這樣熟的快煮起來也漂亮。 
3.        豆腐沿盒緣剪開倒扣在平盤上再切塊。
4.        排骨湯熬好後撈掉浮油，再把豆腐輕輕擺進來，再放上魚丸，蓋鍋煮至魚丸劃十字刀開口，打開鍋蓋再滾1分鐘，撒上鹽跟白胡椒粉提味，熄火，完成。

",https://drive.google.com/open?id=1UKl6so4KHLhhcS-Htbv-d5l0l5qCvcR7
12/25/2024 22:56:10,"家常滷味

","素雞6根
米血糕300克
","
1.	素雞洗過；米血糕拆封後洗過切塊
2.	素雞跟米血糕滷入味的時間不同，用兩段式燉煮方式，先放素雞在滷汁鍋裡，外鍋200CC水按下電鍋。
3.	電鍋跳起時，打開鍋電鍋把米血糕放進來，外鍋再補100CC水按下電鍋，電鍋跳起完成
4.	滷汁趁鮮指3-5天，滷汁兩次就可以倒掉了，老滷是擺攤做生意的梗，自煮健康料理不建議。
",https://drive.google.com/open?id=1c5iUI_F44MkCY8VNBZBrSSARPooGKYX3
12/25/2024 22:56:51,奶油雞肉義大利麵,"
義大利麵1包
無骨雞腿肉1包
洋蔥1顆
蒜頭6-8顆
蘑菇適量
鮮奶油50毫升
白酒3大匙
牛奶100毫升
奶油少許
黑胡椒少許
鹽巴少許
義式香料少許
","
1.	將雞肉用黑胡椒及海鹽醃製5-10分鐘
2.	鍋子預熱先下奶油，待奶油融化可加入雞肉，將雞肉煎至微焦狀，可起鍋先放置旁邊
3.	用原本的油加入蒜頭爆炒2-3分鐘
4.	在加入洋蔥及蘑菇翻炒2-3分鐘
5.	加入雞肉及白酒，蓋上鍋蓋中火煮10分鐘
6.	加入鮮奶油及牛奶燉5分鐘
7.	可以起鍋了
",https://drive.google.com/open?id=178PDqBeUF5NZ_vKCplGiblBTXe7uJm4O
12/25/2024 22:57:25,"玉米排骨湯

","排骨1盒
玉米2條
胡蘿蔔1條
鹽2小匙
白胡椒適量
","
1.	排骨先用水煮+米酒煮滾去血水將排骨撈起
2.	去完血水的排骨加入切塊玉米.胡蘿蔔，水淹沒食材燉煮半小時，再加鹽及白胡椒調味

",https://drive.google.com/open?id=1Y1kMXE4DYcNzuYK-U1iO2T1sEavdspMx
12/25/2024 22:58:06,"味噌醋醬燒茄子

","茄子2條
味噌調味醬2大匙
香菇調味露1大匙
龍舌蘭米醋1小匙
白芝麻醬2小匙
白芝麻粒1小匙
辣椒粉1茶匙
","
1.	將日本茄子對半切中間畫斜斜的十字紋， 
2.	刷上（龍舌蘭米醋+白芝麻醬+味噌調味醬） 混合均勻塗上茄子， 
3.	放入平底鍋中，小火慢燒5-10分鐘（烤箱也可以） 茄子熟了就可以吃了。 
4.	最後撒上白芝麻粒和七味粉增加香氣（依喜好搭配）

",https://drive.google.com/open?id=1RSmcH4Zu5HivA7ecQuKdMi7n0hVxBwRZ
12/25/2024 22:58:43,"鮭魚炊飯烤飯團

","鮭魚100克
奶油1小塊
洋蔥2片輪切
香菇胡蘿蔔丁適量
毛豆適量
昆布海苔適量
","
1.	材料有鮭魚，香菇，洋蔥，蒜瓣1-2片，奶油，一小片昆布，胡蘿蔔丁，毛豆仁 鮭魚片解凍，用半匙鹽和黑胡椒醃半小時
2.	少許油煎香洋蔥碎加入香菇碎略吵，鮭魚皮朝下放入中火煎，再翻面煎到恰恰。
3.	砂鍋中，一杯米稍微洗過，加入紅蘿蔔丁，昆布，毛豆仁。 鮭魚鏟起備用，一杯水加入炒鍋把炒料的精華倒入砂鍋中，小火燉煮，視情況加少量水，為了顏色好看我只有加一點鹽，也可以加半匙醬油。
4.	飯炊好後，放上煎好的鮭魚，撒上蒜末和海苔絲。
5.	把炊飯拌一拌，三角模型抹油，飯放進去壓實。 味增+辣粉+糖+少量水調成味增辣醬 塗在飯團上，烤箱略烤5分鐘稍微上色，海苔簡稱長方形貼上 配菜是味增醬拌烤香菇，燙青菜佐鹽和麻油。
",https://drive.google.com/open?id=1Rqss_wllrHi17OoSJLy8du4zMQd30ee6
12/26/2024 11:07:18,菜脯烘蛋,"雞蛋 5顆
菜脯 / 蘿蔔乾 150克
青蔥 1根
油 1/2大匙","1.切菜脯剪1.2-1.5公分左右塊狀，用水洗過換3次水，用手掌擰乾淡化菜脯鹹味。
2.青蔥洗淨瀝乾剪末。
3.蛋洗過打在碗裡。
4.蛋加2小匙油打散。
5.鍋不用放油，菜脯小火乾鍋炒5分鐘，把炒香的菜脯碎放涼，加進蔥花蛋汁，攪拌均勻。
6.鍋小火加1/2大匙油，把步驟5菜脯蔥花蛋汁倒進鍋中，用木筷子在鍋中蛋汁裡開始劃圈圈。
7.計時器3分鐘，蓋鍋烘助熟
8.翻面煎1.5分鐘，即可完成",https://drive.google.com/open?id=1yhYQVF1GZ5pIMzvmiqi4Q_TdKP5_YhmV
12/26/2024 11:42:02,蒜香九層塔蝦,"蝦子1斤
九層塔1把
蔥薑蒜適量,
醬油1大匙,
米酒1大匙","1.蝦洗淨 
2.爆香蔥薑蒜
 3.放蝦入鍋炒至變色 
4.淋醬油米酒後拌入九層塔",https://drive.google.com/open?id=1US8SSAK7iKjC4I53frIbeKbX9hpFXn3K
12/26/2024 13:07:45,紅燒肉,"五花肉600g,
蔥薑蒜,
醬油2大匙,
冰糖1大匙,
米酒2大匙,
八角1顆","1.五花肉汆燙 
2.爆香蔥薑蒜 
3.加醬料燜煮 
4.收汁即可",https://drive.google.com/open?id=1zFuI7peS19GtGIAyohNEZZ4yxjdbuahR
12/26/2024 13:14:24,宮保雞丁,"雞胸肉300g,
花生50g,
乾辣椒2根,
蔥薑蒜,
醬油1大匙,
糖1小匙,
醋1大匙","1.把雞胸肉先切成3cm*3cm 的塊狀，仔細看雞肉的紋理，垂直紋理""逆紋""輕輕把表面畫刀可幫助雞胸肉吃起來軟嫩
2.雞肉裡加入醬油、水。水可以分次加，邊加邊順時鐘攪拌雞肉讓雞肉吸收水分，最後再加太白粉醃15分鐘
3.爆香辣椒薑蒜 
4.下雞丁炒 
5.加醬油、糖、醋與花生拌炒",https://drive.google.com/open?id=1JBgX5KfUlYCwk7iOssRKrY7ooqaFKhTR
12/26/2024 13:18:38,三杯雞,"雞腿肉500g,
薑片10片,
蒜頭5粒,
九層塔1把,
米酒1/3杯,
醬油1/3杯,
麻油1/3杯","1.爆香薑蒜 
2.下雞肉炒至金黃 
3.加米酒醬油麻油燜煮 
4.拌入九層塔",https://drive.google.com/open?id=1Rs9BlPUW5gShnuj4Q8RwmdvS3DK_yeKv
12/26/2024 13:21:55,蠔油芥藍,"芥藍300g
蒜末2瓣
蠔油1大匙
糖少許
鹽少許","1.芥藍洗淨汆燙
2.爆香蒜末
3.加蠔油調味
4.放入芥藍拌炒",https://drive.google.com/open?id=1_UNUhoYEwtjpRGZGxVSMY5uyCIcDA6gS
12/26/2024 13:26:20,白菜滷,"五花肉100克
乾香菇4朵
干貝5顆
木耳50克
扁魚20克
蝦米20克
紅蘿蔔100克
大白菜200克
醬油2大匙
米酒2大匙
砂糖1大匙
胡椒粉1匙
烏醋1大匙
水2碗","1.香菇，干貝泡水軟化切絲，五花肉切片
2.用少許油煸炒豬五花，煸出豬油，再放入香菇、干貝、蝦米、扁魚、紅蘿蔔炒香
3.再加調味料，大火炒出鍋氣，再放入白菜、倒入香菇水和水，煨煮出鮮味
4.起鍋前淋點烏醋即可",https://drive.google.com/open?id=1sBGSnW47luvNl3m0qTJJSEZ-40_ZflTW
12/26/2024 13:29:18,清蒸鱈魚,"鱈魚 1 片
青蔥 1 根
蒜頭 3 粒
薑 適量
米酒 1 大匙
醬油 1 大匙
鹽 適量","1.鱈魚洗淨擦乾，抹鹽至表皮，靜置10分鐘。
2.蒜頭去皮、薑切片、蔥白切段、蔥綠切花或絲。（有辣椒也可切辣椒絲）
3.鱈魚醃漬後會出水，先以紙巾擦乾，放上蔥白段、蒜頭和薑片，加入米酒與醬油各一大匙，放入電鍋，外鍋放一杯水蒸。
4電鍋跳起後把蔥白段撈起，下蔥花，蓋鍋蓋再按下煮飯鍵。電鍋再度跳起後，即可
",https://drive.google.com/open?id=1jz_mEe1YZ75cxDR0TKx6MFmPloFv9nTe
12/26/2024 13:41:17,豆豉鯧魚,"300 公克 鯧魚
少許 蔥 
3 片 薑
2 大匙 豆豉
1 小匙 米酒
3 大匙 醬油
少許 鹽
少許 糖","1.魚稍微以清水洗淨擦乾、在魚身斜劃幾刀，適量灑上鹽，靜置5分鐘。
2.將蔥(取蔥白)、薑切絲備用
3.將油倒進鍋裡，中火預熱，先將薑絲爆香，再放入蔥絲一併拌炒，最後將豆豉倒入，添加少許的糖調味撈起
4.將炒好的配料平鋪在海金鯧上，再倒入米酒及醬油，放入電鍋蒸20-25分鐘。",https://drive.google.com/open?id=1sQ4_bD7k7Zi7Ch6YoqaUTyjj6XABvDvX
12/26/2024 14:35:15,青椒炒牛肉,"牛肉片 200 g
青椒 1 顆
蔥 1 根
蒜頭 2 瓣
鹽 適量
醬油 適量
料酒 適量
太白粉 少許
水 少許
調理油 適量","1.牛肉片加入醬油，料酒，太白粉，水抓勻。青椒去籽切條狀，蔥切段，蒜頭切末。 
2.起油鍋，中火加入稍多油量，鍋熱倒入牛肉片炒散到八分熟取出。
3.原鍋加油熱鍋，爆香蒜末，蔥白段，下青椒，料酒嗆鍋，灑鹽拌炒再加入牛肉片，蔥綠段，水少許炒至青椒斷生，牛肉片熟即可取出",https://drive.google.com/open?id=1wjoTHTxFL0w8moBtxxEwqIZcg5yQ6LLt
12/26/2024 14:39:50,韭菜炒鴨血,"鴨血一塊
韭菜一把
蒜頭3-4顆(切末)
辣椒(切斜片) 
鹽巴少許
醬油一匙
白糖少許
雞粉少許
米酒一匙
白醋適量(起鍋前在加入)","1.先將鴨血下鍋煮三分鐘，撈起浮沫，時間到就撈起瀝乾水分。
2.接著熱油，爆香辣椒、蒜末、倒入鴨血翻炒、接著加入調味料米酒、醬油、白糖、鹽巴、雞粉、白醋，最後加入韭菜炒軟即可起鍋",https://drive.google.com/open?id=1qLA_JeBX64Emc-H09aLbYQ9qXHaC4Ljw
12/26/2024 14:43:56,酸辣湯,"竹筍 切絲 1支
梅花肉 切絲 100g
胡蘿蔔 切絲 1／3 條
木耳切絲 3朵
鮮香菇 切片 5朵
豆腐 切條 1
豬血 切條 1塊
雞蛋 3顆
辣椒 切片 1條
芹菜 切末 1棵
香菜 切段 2棵
香油 適量
水 適量
胡椒粉 適量
烏醋 2 大瓢
白醋 1 大瓢
太白粉 1／2 碗","1.竹筍去殼，削去老皮切絲備用，梅花肉洗淨，水拭乾切絲備用，胡蘿蔔去皮切絲備用，木耳洗淨切絲備用，香菇洗淨切片備用，豆腐用水沖洗後切條，再用清水清洗一下，洗去豆腐末，洗淨備用，豬血用水沖洗後切條，再用清水清洗一下，洗去豬血浮末，洗淨備用，芹菜切去蒂頭，摘去葉子，剝開洗淨切末備用，香菜切去蒂頭剝開洗淨，切段備用，雞蛋打成蛋液備用。
2.鍋中加入適量的水，加入筍絲滾煮，先煮20分鐘，加入木耳胡蘿蔔拌勻煨煮，再加入香菇、辣椒拌勻，加入胡椒粉、烏醋、醬油、鹽、糖拌勻，加入太白粉水拌勻，加入肉絲和適量香油拌勻，沖入蛋花，3秒劃開，加入白醋拌勻，先加入一半芹菜末拌勻，熄火盛起，再加入另外1／2 的芹菜末和香菜段",https://drive.google.com/open?id=19yppkCTkC_i7KeXKTj5ozAe7QNtBzIKK
12/26/2024 14:47:25,蔥爆羊肉,"羊肉片5兩
洋蔥半顆
蔥半支
辣椒兩條
蒜末少許
醬油1茶匙
蠔油1茶匙
糖1茶匙
米酒1茶匙","1.羊肉片淋上以 醬油、蠔油、糖、米酒調勻的醃料醬汁，抓勻後醃放5～10分鐘，讓羊肉片入味。
2.把蔥、洋蔥、辣椒全部切小段，一旁備用。
3.熱油鍋，先將蒜末爆香，再陸續放入蔥段、辣椒、洋蔥拌炒。
4.接著放入醃好的羊肉片，拌炒約2分鐘，即完成",https://drive.google.com/open?id=1YT_uW1iy6-Rp__WJFeqpSfzABdUBoWhO
12/26/2024 14:50:51,薑絲大腸,"大腸一份
酸菜適量
嫩薑一塊
辣椒一根
米酒
水30cc
工研醋90cc
糖適量
鮮味抄手適量
蔥一根
薑半塊","1.洗淨生大腸，將蔥薑米酒加入大腸水滾水煮40~50分鐘
2.嫩薑切絲、辣椒切成小段
3.下油將一半以上的嫩薑和辣椒蒜頭炒出香味後，倒入酸菜繼續炒
4.將滾煮後的大腸加入，並倒入剩餘嫩薑絲
5.倒入米酒30cc炒出香味，加90cc入工研醋炒一炒後再加入30cc水拌炒，加入一勺糖和鮮味抄手調味，火調到中火炒2分鐘即可",https://drive.google.com/open?id=1XNUq9YOqKW8rSScOl5pmuroB_r8LNhMF
12/26/2024 15:00:08,客家小炒,"五花肉 100克
魷魚干 50克
豆干 70克
芹菜 1根
蒜苗 1根
辣椒 1條
蒜頭 15克
蠔油 2茶匙
醬油 1.5茶匙
米酒 1大匙
白胡椒粉 1/8茶匙","1.將乾魷魚泡水至軟，剪成條狀；五花肉切條；豆干切片；芹菜切段；蒜苗切斜片；辣椒切斜片；蒜頭拍扁去膜切片備用。
2.鍋內倒入1茶匙的油，放入五花肉、豆干炒至二面略上色，再加入蒜片、辣椒爆香後放入魷魚。
3.加入蠔油、醬油及米酒拌炒至入味。
4.起鍋前加入蒜苗、芹菜拌炒，並撒上白胡椒粉拌勻即可。",https://drive.google.com/open?id=1zniWp0aBOyPX6THmD--kUb5OMhFsGiX0
12/26/2024 15:04:42,香菇油飯,"長糯米2杯
香菇10朵
蝦米2湯匙
油蔥6顆
薑絲1湯匙
豬肉絲80g
黑麻油1湯匙
醬油2湯匙
糖1/2湯匙
米酒1湯匙
鹽1茶匙
香菇水1湯匙","1.長糯米泡水5個小時、香菇泡水、蝦米泡米酒、油蔥切細、薑切絲，糯米煮熟
2.肉絲醃醬油膏1/2湯匙、酒1茶匙、白胡椒粉1/2茶匙拌勻備用
3.先下3湯匙油中火炒油蔥至金黃色撈起，剩下的油下肉絲炒熟撈起備用。
4.下1湯匙黑麻油下薑絲、蝦米炒至蝦米上色，下香菇炒至香味飄出，再下炒好的肉拌炒
5.下調味料醬油2湯匙、米酒1湯匙、糖1/2湯匙、鹽1茶匙、黑胡椒粉1茶匙、泡香菇水1湯匙炒勻。再下1/2炸好的油蔥酥拌勻
6.倒入蒸好的糯米飯拌炒，炒至顏色均勻即可",https://drive.google.com/open?id=1wjy61Zr4iDyKa7Rgc_hTWS6GJh8GXX_5
12/26/2024 15:06:31,回鍋肉,"水煮五花肉
長蒜 1 支
洋蔥 半顆
杏鮑菇 2 條
豆瓣醬2匙
醬油1匙
糖1匙","1.水煮過的五花肉先煎焦黃放一旁.菇和蒜洋蔥切長條
2.煎肉出的油直接炒洋蔥.再放菇.半軟時放五花肉和調味料.拌勻炒至菇熟肉上色再放長蒜.從鍋邊加ㄧ匙米酒.蒜稍軟就完成",https://drive.google.com/open?id=12gqK4PK8v5jWHZNkNU3HlOkH_j41zPtv
12/26/2024 15:13:02,炒米粉,"米粉200g
五花肉600g
蝦米1大匙
乾香菇6朵
紅蘿蔔1小塊
高麗菜1/6顆
青蔥3支
香菜適量
醬油3大匙
米酒1大匙
白胡椒粉適量","1.蝦米、乾香菇分別泡水，香菇水不要丟，留著備用
2.燒一鍋滾水，米粉下鍋煮1~2分鐘，撈起瀝乾，用剪刀剪個兩三刀就好，不要剪太短，加蓋悶米粉約15~20分
3.把紅蘿蔔、高麗菜、香菇、五花肉切成細絲，蔥切段、蔥白蔥綠分開放
4.鍋子燒熱，五花肉下鍋炒。大火高溫逼出豬油後，炒熟的五花肉絲會縮水變細
5.放入蔥白、香菇、蝦米爆香，放入紅蘿蔔絲一起拌炒
6.加適量醬油調味，再加一大匙米酒、白胡椒粉增加香氣。倒入香菇水，翻炒讓醬汁混和均勻，放入高麗菜絲、蔥綠
7.放入米粉，炒到米粉均勻上色、醬汁收乾即可",https://drive.google.com/open?id=1ZpOxjHgupeL61Y68M4ByBDVAR0vlvLPh
12/26/2024 15:23:30,蚵仔煎,"鮮蚵 150克
小白菜 2顆
雞蛋 2顆
地瓜粉 55克
在來米粉 25克
太白粉 25克
水 370c.c.
鹽 少許
白胡椒粉 少許
香油 少許
日本白味噌 60克
番茄醬 130克
砂糖 3大匙","1.鮮蚵洗淨濾乾水份，用餐巾紙將鮮蚵吸乾水分，加少許鹽調味備用。小白菜洗淨去蒂頭，切成小段狀。把地瓜粉、在來米粉、太白粉、水 250c.c.、鹽、白胡椒粉、香油用打蛋器攪拌均勻備用
2.取一支平底鍋加入少許沙拉油，先放鮮蚵用大火煎炒約10秒（5分熟狀態），再倒入粉漿。
3.接著打入一顆雞蛋，均勻放上小白菜，周圍再淋一圈油，以中小火半煎炸的方式將雙面上色熟成即可起鍋。
4.先將水120c.c.加熱並以濾網將味噌過濾攪拌開來，接著倒入番茄醬和砂糖，攪拌均勻加熱煮開，再以太白粉水勾薄芡",https://drive.google.com/open?id=1WRf1_k0AVNITOGmj8wqYmkCeDc2nO-t5
12/26/2024 15:25:49,鹹蛋苦瓜,"苦瓜1顆
鹹蛋2顆
蒜頭2顆
辣椒1根
青蔥1根
薑片3片
鹽少許
糖3g
米酒10ml
香油適量
植物油適量","1. 苦瓜對切去籽刮囊，斜切片備用。
2. 將鹹蛋蛋白與蛋黃分開，蒜頭切碎，青蔥切段，辣椒切花備用。
3. 準備汆燙水，汆燙苦瓜30秒後，即可撈起備用。
4. 鍋中加油，用中小火慢炒鹹蛋黃至小起泡。
5. 續加進蒜、辣椒、米酒、苦瓜、鹹蛋白炒至香氣出來。
6. 最後加入糖、蔥、香油，拌炒一下即可完成。",https://drive.google.com/open?id=1x7apEXaFg9_h-ItWXVLUr_iv7m0Bg3-C
12/26/2024 15:32:00,花生豬腳,"豬腳1隻
生花生1斤
生薑10片
香菜2棵
水5000cc
當歸1片
甘草6片
桂枝10公克
白胡椒粒10公克
台鹽高級碘鹽適量
紅露酒200cc","1.豬腳洗淨備用，生薑洗淨/切片、生花生洗淨泡水24小時，藥材洗淨泡水10分鐘瀝乾，用布包包好綁緊。
2.豬腳川燙
3.快鍋放入薑片、滷包、紅露酒，水5000cc，豬腳、生花生，煮20~30分鐘。",https://drive.google.com/open?id=1ErVKWQ7u6tdqy_HnLxwDq8wfq9sEc9cQ
12/26/2024 15:35:53,椒鹽小卷,"小卷200g
蒜頭5顆
青蔥2株
辣椒2小條
鹽巴1小匙
白胡椒粉1小匙
鮮雞精1/2小匙","1.小卷洗淨瀝乾，蒜頭切片，辣椒切小段 青蔥切末
2.鍋內放油放入小卷爆香，表面有焦色即可撈出瀝油備用
3.熱油鍋爆香蒜頭，放入小卷及所有的調味拌炒，放入辣椒及青蔥，拌勻即可關火",https://drive.google.com/open?id=1BJ0dzvzWtqutrziNrlxRGVyghOzzLjR0
12/26/2024 15:43:39,蒸蛋,"雞蛋2顆
高湯(蛋*1.5倍)
蔥花適量
醬油適量
香油適量","1.雞蛋去殼後，可以用秤重或是量杯測量的方式測得份量，高湯或水的用量就是雞蛋重量的1.5倍
2.將蛋液和高湯攪拌均勻，過篩至要使用的湯碗中
3.蓋上適當大小的蓋子，中火蒸9分鐘，熄火再燜1分鐘",https://drive.google.com/open?id=1ysK4eCBjsk0HVu7BrQidYXqDuyEtvyfF
12/26/2024 15:46:20,腐乳空心菜,"空心菜20g
豆腐乳2塊
鹽巴少許
辣椒適量
蒜頭2-3小顆","1.空心菜底部切除，每段切約食指的長度。辣椒及蒜頭切碎。豆腐乳加少許水攪拌均勻成腐乳醬備用
2.開大火加油，放蒜頭爆香炒至金黃，再加入辣椒炒出香氣
3.加入空心菜與爆香食材拌勻，接著淋上調好的腐乳醬翻炒至空心菜葉變軟，加入少許鹽巴拌勻即可",https://drive.google.com/open?id=1G97956razUA3TaF9WB_Wg6o3kWETs0vF
12/26/2024 15:50:41,五更腸旺,"水煮肥腸2大條
大蒜5個
鴨血2塊
蒜苗1支
薑1段
辣椒1根
蔥3根
花椒1大匙
辣豆瓣醬3大匙
糖1 大匙
醬油3/2大匙
水2大碗
白醋1小匙
太白粉適量","1.蒜切厚片、薑切薄片、蔥與蒜苗切段、辣椒切斜刀片、鴉血切塊。
2.大腸洗淨入水中煮熟透（筷子輕鬆插的進去）後切粗塊備用。
3.起油鍋放入辣椒、大蒜、薑炒香後加入辣豆瓣醬，炒至辣油出來、豆瓣成粗粒狀
4.再依序加入水、花椒、大腸、鴉血
5.煮5～8分鐘後加入蔥、蒜苗並勾芡後倒入預熱後的砂鍋中並淋入白醋拌勻即可",https://drive.google.com/open?id=1pllY1itoitJviJcLMNfrHIoaCXOaU5OM
12/26/2024 16:00:12,番茄炒蛋,"牛番茄兩顆
蛋三顆
蒜適量
糖半湯匙
水適量","1.番茄切丁、蛋打散、蒜切
2.放入油，下番茄大火炒至番茄出水
3.番茄出水後加蒜快炒再加水、加蛋幾秒拌炒即可",https://drive.google.com/open?id=15sJIu4CSl6_Egp0c2Gn4xhxmb6UDrYz7
12/26/2024 16:03:27,魚香茄子,"茄子4根
豬絞肉220g
蔥2枝
水450CC
薑末1匙
蒜頭4瓣
辣椒半支
辣豆瓣醬1.5匙
醬油2大匙
白醋1大匙
糖1小匙
鹽適量
油1大匙
花椒粉1小匙
太白粉水適量","1.加一大匙油先下薑末炒兩下，接著下豬絞肉，蒜末、辣椒略翻炒，加入糖、辣豆瓣醬、醬油炒3分鐘，加入水，滾一下肉末
2.再下茄子，茄皮朝下放，蓋鍋蓋悶煮5分鐘收湯汁，再下蔥末和花椒粉，最後下醋和太白粉薄芡",https://drive.google.com/open?id=1nUweAAqoajdpl1tqk9BTG2BRUmp3HbqH
12/26/2024 16:06:51,蒜泥白肉,"豬五花肉480克
蔥30克
薑20克
蒜頭1.5大匙
辣椒1大匙
米酒2大匙
冷開水(冰鎮用) 適量
香油1/2小匙
醬油4大匙","1.將蔥切段、薑切片、蒜頭磨泥、辣椒切末，加入香油，醬油拌勻
2.燒開一鍋水，加入米酒，放入蔥段與薑片，再放入豬五花肉，蓋上鍋蓋轉小火煮 20 分鐘，再關火悶 20 分鐘
3.取出五花肉放入冷水中冰鎮
4.切片後擺盤，配上蒜蓉醬即可食用",https://drive.google.com/open?id=1v1KD7NizBlNekmMO44xte0y2IylBQ92l
12/26/2024 16:09:08,四神湯,"豬腸300克
淮山50克
薏仁100克
蓮子100克
芡實100克
米酒10克
鹽巴適量
枸杞少許
水1300克","1.豬腸用鹽巴抓洗，再用清水洗淨，洗淨黏膜（可以多洗幾次）川燙再洗淨。
2.準備四神材料，淮山、薏仁、蓮子、芡實洗淨泡水3小時
3.豬腸、四神材料水蓋過食材放入電鍋中，加適量水蒸煮20分鐘，再悶20分鐘，再一次加適量水蒸煮20分鐘，放入枸杞再悶20分鐘
4.加入米酒提味、鹽巴調味即可",https://drive.google.com/open?id=17F-sKCQZ79D4OT51OKla3-LC02UyCqfo
12/26/2024 16:16:25,紅燒獅子頭,"豬絞肉600g
大白菜1顆
乾香菇5朵
紅蘿蔔1小塊
洋蔥1/2顆
薑末1/2大匙
蒜苗2支
醬油2大匙
紹興酒1大匙
薑末1/2大匙
白胡椒粉適量
雞蛋1顆
紹興酒2大匙
水","1.豬絞肉，放入薑末、醬油、紹興酒、洋蔥末、雞蛋、白胡椒粉，將肉拌勻後稍後甩打之後捏出手掌大小的肉丸
2.肉丸子以半煎炸的方式將二面煎上色即可取出備用
3.準備一鑄鐵鍋放少許油爆香薑末、蒜苗，接著放入乾香菇、紅蘿蔔片、大白菜的梗，炒出香氣之後加入醬油，紹興酒、泡香菇的水、水
4.把小片的大白菜鋪底，放上肉丸子，將大片的大白菜蓋在肉丸上，蓋上鍋蓋燉煮到開始冒煙水滾轉最小火慢燉1小時
5.起鍋前再放些蒜苗即可",https://drive.google.com/open?id=1o1zO_phEFAHxfpRdj3t7tWH-D24dbXDh
12/26/2024 16:21:04,粉蒸排骨,"排骨 450 克
五香蒸肉粉 1 盒
素蠔油或醬油 1 大匙
米酒 2 大匙
辣豆瓣醬 1/2 大匙","1.排骨洗淨放電鍋內鍋放醬油、米酒、辣豆瓣醬，冷藏醃一個晚上
2.醃好的排骨先夾出，沾上粉蒸肉粉
3.沾裹好粉蒸肉粉的排骨，蒸約30-35分鐘，悶10-20分鐘。",https://drive.google.com/open?id=1Y61DKpCXkOowpRhrHeH9BOvbkw8rTGyn
12/26/2024 16:26:02,蒜蓉蒸蝦,"白蝦250g
青蔥1根
香油1/2茶匙
蒜頭6瓣
辣椒0.5-1條
米酒1大匙
醬油1大匙
醬油膏1大匙","1.白蝦修剪蝦頭、蝦鬚、蝦腳、去腸泥
2.青蔥切蔥花；蒜頭切細末或磨泥；辣椒切末
3.取一個碗，將蒜頭、辣椒、米酒、醬油、醬油膏攪拌均勻即可
4.取一蒸盤擺入白蝦淋上蒜蓉醬，大火蒸5分鐘
5.撒上蔥花及香油，再燜約15秒即可關火",https://drive.google.com/open?id=1C8pwZTJwTnZsJ6rPqJcQaE03vgwmmauh
12/26/2024 23:01:23,橙香排骨,"排骨600克
柳丁汁300克
醬油50克
味醂20克
細砂糖30克","1.排骨先用熱水汆燙去除雜質
2.細砂糖放入不沾鍋中，等待成焦糖，過程中不可翻攪
3.糖變成焦糖色就可以將排骨放入煎到表面上色即可
4.將醬油及味醂放入鍋中，接著放入排骨，最後倒入柳丁汁，淹過排骨
5.滾了之後開小火煮２０分鐘，關火悶２０分鐘直到排骨肉軟爛即可",https://drive.google.com/open?id=1fC6Mj3CEqv0E3o4ps59wgz9WzjfYQ-g4
12/27/2024 8:59:20,蘿蔔絲煎餅,"蘿蔔半條(約1斤)
在來米粉約一碗
蒜一根
雞蛋一顆
胡椒粉適量
鹽
沙糖(可不加)
油","1.大蒜去根，洗淨切細絲
2.蘿蔔去皮，刨絲，加適量鹽抓勻，放置約10分鐘出水，水留著加入雞蛋、再來米粉分批加入，利用蘿蔔絲釋出的水攪拌均勻，最後加糖、大蒜絲、胡椒粉再拌均勻
3.開中小火取一湯匙蘿蔔絲粉漿擺入鍋中，略為整型壓平慢火煎一會讓型狀固定，翻面續煎，煎到兩面都呈現金黃色澤即可",https://drive.google.com/open?id=1VOploOZNKu5bDYa0wIeZ7gy6LCw4BonB
12/27/2024 9:10:04,肉羹,"竹筍1支
胡蘿蔔1／3條
乾香菇8朵
芹菜1棵
香菜2棵
後腿肉3斤
醬油1大瓢
鹽酌量
糖2茶匙
胡椒粉適量
米酒適量
沙拉油1大瓢
魚漿500g
蒜末1／3碗
蒜酥1／2 碗
雞蛋4顆
水適量
太白粉水酌量
鹽適量
鮮味炒手1小匙
糖1大匙
醬油1.5大瓢
烏醋2大瓢
香油酌量
胡椒粉適量","1.後腿肉洗淨，切小塊切薄片拍打加入適量的醬油、米酒、糖、胡椒粉、少鹽、沙拉油抓醃均勻，再加入魚漿抓勻備用。
2.煮一鍋熱水，將抓醃好的肉片，一片片攤開在熱水中，舖開不要重疊，熱水泡煮約8分鐘，再用鍋鏟攪動一下再泡煮約2分鐘，撈起水瀝乾備用。
3.竹筍切絲，先用滾水川燙，川燙後泡冷水備用，胡蘿蔔去皮切絲備用，乾香菇加水泡軟，洗淨切片備用，芹菜切去蒂頭和葉子，洗淨切末備用，香菜切去蒂頭洗淨切末備用。
4.燒鍋水加入筍絲、香菇、蒜酥滾煮15分鐘，加入胡蘿蔔絲拌勻，加入醬油、胡椒粉、鹽、糖拌勻，加入太白粉水勾芡，加入肉羹、蒜泥拌勻煨煮一下，加入蛋液，停留5秒鐘再輕輕把蛋液劃開來，最後加入烏醋、適量的香油拌勻熄火，再撒點芹菜末和香菜末拌勻即可",https://drive.google.com/open?id=1mhcX_ptO-vcNoUSC33e9qmnZDMlSswfI
12/27/2024 9:14:33,古早味蝦捲,"新鮮花枝漿400公克    
新鮮火燒蝦20隻
青蔥10支
芹菜2支
荸薺8顆
豬網紗2張
糖1茶匙
鹽巴1茶匙
米酒1大匙
白胡椒粉少許
香油適量
粉漿份量
雞蛋1顆
地瓜粉200公克","1.新鮮火燒蝦去殼洗淨切大塊，青蔥、芹菜切末，荸薺切丁，豬網紗以鹽水洗淨，米酒去腥。
2.混合鮮蝦、花枝漿等內餡，再加入蔥花、芹菜末、荸薺丁、調味料等一起攪拌均勻，摔打至魚漿出現彈性，過程中可分次加入香油和適量的水份。
3.豬網紗展開放在砧板上,將混和好的內餡放上網紗，包捲成約10公分的長條狀，多餘的豬網紗以菜刀割開後，繼續包下一份。
4.包好的蝦捲裹上雞蛋液、地瓜粉混合的粉漿，準備下鍋油炸。
5.油鍋開中小火至攝氏140度，將蝦捲炸約6分鐘至金黃色即可。(記得控制油溫，並隨時翻動使顏色均勻)",https://drive.google.com/open?id=16fjdXYK6xpxQGSltyRhDHN6EJkQXGYfn
12/27/2024 9:19:26,炒山蘇,"山蘇 一盒
蔭樹子2茶匙
小魚乾適量
蒜頭3瓣
米酒適量","1.蘇洗淨後由尖部開始往下掰折成適口大小，掰到粗梗處掰不動後再將粗梗切除，保留兩側嫩葉即可
2.煮滾水後加入鹽和食用油，再加入處理過的山蘇，待再次水滾後汆燙30秒撈起瀝乾備用。
3.小魚乾洗淨後以米酒浸泡５分鐘去除腥味，起油鍋煸香小魚乾，小魚乾變軟後加入蒜頭拌炒，炒至小魚乾及蒜頭香氣釋出。
4.加入汆燙好的山蘇葉及蔭樹子，將所有食材快速拌炒均勻即可",https://drive.google.com/open?id=1uO_e33VqXUxa20X1R6YOLGZNDpkESr5I
12/27/2024 9:32:18,紅糟肉,"梅花肉120g
酒5cc
醬油5cc
紅麴醬1小匙
大蒜1顆
五香粉1/4小匙
胡椒粉少許
地瓜粉適量
植物油適量","1.梅花肉稍微拍打鬆纖維,加酒,醬油,紅麴醬,蒜碎,五香粉及胡椒粉抓勻放進冰箱靜置過夜.
2輕輕得擦掉醃料,裹地瓜粉押一下靜置10分鐘左右,回潮後再裹地瓜粉.
3用160度植物油炸至兩面金黃色,起鍋前拉到高溫炸30秒鐘撈起瀝油靜置10分鐘左右.",https://drive.google.com/open?id=1VyOLbGXR4KCkRZxFL7NK44llghEwkF9V
12/27/2024 9:42:25,蛤蜊絲瓜,"蛤蜊500g
絲瓜1條
薑1小塊
米酒少許","1.蛤蜊吐沙後洗淨瀝乾
2.絲瓜削皮、切塊(約1~2cm厚片)，薑切成薑絲。
3.取出平底鍋，倒入少許油，放入絲瓜塊，開中火，拌炒約30秒，加少許水，蓋上鍋蓋燜煮
4.絲瓜變軟時，放入吐完沙的蛤蜊，蓋上鍋蓋燜煮
5.蛤蜊全開後，打開鍋蓋，放入薑絲，煮5秒，即可",https://drive.google.com/open?id=1pRBQMnB5D786l-n4VcD9QlkRtSsQFbbB
12/27/2024 9:50:44,涼拌黃瓜海蜇皮,"海蜇皮200克
小黃瓜2-3條
胡蘿蔔半條
蒜末5瓣
辣椒1條
鹽適量
細糖適量
白醋少許
香油適量
醬油少許","
1.將小黃瓜加入少許鹽拌一下，約放10分鐘，以清水將鹽份洗去備用。
2.煮一鍋水，煮滾後關火，冷卻15分鐘。將海蜇皮絲放入鍋水中燙約7秒鐘。
3.將整鍋拿到水龍頭底下沖涼約5分鐘(海蜇皮會膨漲些)，從冰箱拿出冰水，將海蜇皮泡在冰水1分鐘，把海蜇皮撈起捏去多餘的水份。
3.捏去多餘的水份。 海蜇絲置於盆中，加入黃瓜、胡蘿蔔絲、蒜末、辣椒及調味料拌勻即可。",https://drive.google.com/open?id=1i0KNsMw65vT_7dGRUJnbOpdUi8lGzBAW
12/27/2024 9:57:03,麻油腰花,"老薑一根
豬腰花二副
麻油2大匙
米酒半瓶","1.豬腰花洗淨，去除內部白色帶血筋膜
2.豬腰花輕輕斜劃紋路，斜切大片
3.起一鍋滾水，將切片豬腰花放入汆燙；滾一分鐘即可撈起，泡冷水洗淨
4.熱鍋倒入麻油，放入薑片，小火煸到焦黃時，倒入豬腰花與米酒烹煮
5. 煮滾後，加入鹽巴調味即可",https://drive.google.com/open?id=10YTdngDXsdgwbEQ7uUUrYceHNL-ZsblC
12/27/2024 10:01:27,台式泡菜,"高麗菜1顆(約2斤)
紅蘿蔔半條
鹽半碗
蒜頭5顆
辣椒2條(可調整)
細砂糖半碗
白醋200cc
花椒少許","1.高麗菜清洗乾淨剝小塊，加入鹽醃製30分鐘後，用冷開水過水去除鹽分，擠乾水分備用
2.花椒用乾鍋小火炒出香味(約1分鐘)，蒜、辣椒切末，紅蘿蔔切絲
3.將所有材料到人高麗菜中拌勻
4.裝入保鮮盒放置隔天即可",https://drive.google.com/open?id=14CCxtoC9tn0phveIAJMVfO8FCt4qXJ1x
12/27/2024 10:05:47,梅干扣肉,"豬五花肉900g
梅干菜2顆
大蒜5瓣
醬油4大匙
米酒2.5大匙
糖2小匙
水150ml","1.首先將梅干菜泡水備用
2.起油鍋，將豬五花肉下鍋煎至表皮金黃
3.接著加入4辦的大蒜和糖，並炒到糖完全融化
4.再來加入醬油、米酒和水一起滷到豬肉上色後備用(約20分鐘)
5.將步驟1的梅干菜瀝乾並切成小段狀，然後起油鍋，將蒜末爆香後把切好的梅干菜下鍋炒乾、炒香
6.最後拿一個大碗，將步驟4的豬肉舖底，上面放上炒過的梅干菜並放入蒸鍋中蒸30~45分鐘",https://drive.google.com/open?id=12AJA2B7u1kSknWYwgJ5qX03rESQaQ40e
12/27/2024 10:10:14,藥燉排骨,"排骨800克
水2000克
枸杞10g
米酒 400CC
藥材包100g(當歸、川芎、枸杞、熟地、甘草、桂枝、人蔘鬚、紅棗、黑棗、黃耆、黨參、杜仲、白芍)","1.排骨汆燙至沒有血水撈起洗淨，瀝乾備用。
2.藥材沖洗一下，裝入藥包中備用。
3.取一鑄鐵鍋，放入排骨、藥材包、水、米酒，開中火煮至滾沸後，滾沸10分鐘後轉小火加鍋蓋慢慢燉煮50分鐘。開蓋加入枸杞即可",https://drive.google.com/open?id=1zeG1NIkCiqjCWRTCh-7Hh6F-OzJUkzuE
12/27/2024 10:21:27,蓮藕燒雞,"雞腿(切塊)1份
蓮藕1節
洋蔥1/4顆
蒜頭3顆
醬油3大匙
糖1小匙
米酒1大匙
水約600毫升","1.將蓮藕切0.5公分厚片、洋蔥切塊
2.在鍋內加入適量的油，加入蒜頭及洋蔥炒香，再加入雞腿及蓮藕炒到雞肉表面稍微泛白。
3.加入醬油、糖及米酒，翻炒一下讓醬油於食材表面上色
4.將水加入至與食材齊高，蓋上鍋蓋以鎖住香氣，待沸騰後續燉煮20-30分鐘熄火，再悶30分鐘",https://drive.google.com/open?id=1Z2IHeTYrUV_f2Qkgktgj2NgAmsmQw0Kv
12/27/2024 10:25:18,炒螺肉,"螺肉一斤
九層塔一包
辣椒適量
老薑約5-6片
麻油一大匙
香油一大匙
沙茶醬一大湯匙
醬油適量
糖一小匙","1.先將螺肉清洗乾淨後放入鍋中煸乾
2.螺肉編乾後先取出備用，接著在鍋內倒入各一大匙的麻油及香油，將薑片放入鍋中小火編香
3.薑片煸到邊緣翹起時，加入螺肉及一大湯匙的沙茶醬、適量的醬油及一小匙的糖拌炒
4.螺肉及醬料拌炒約2分鐘後加入辣椒及九層塔拌勻即可",https://drive.google.com/open?id=1VJdkkZDtzZu3hyIBX3P3pTKeCTgqxCcX
12/27/2024 10:34:44,胡椒蝦,"蒜半碗
胡椒粉1罆
蝦子1斤
米酒少許","1.活蝦的話就鍋子放入米酒➕水➕鹽巴、蝦子蓋過米酒水、這樣蝦子醉了就好處理蝦子鬚鬚

1.蝦子用食物剪把蝦子頭部前端剪掉
2.蒜頭撥好切丁
3.開火鍋子加少許的油放入蒜頭爆香、爆香後加入蝦子爆炒一下，加入少許米酒拌炒再蓋上鍋蓋悶一下讓米酒揮發收乾在加入胡椒粉拌炒就完成",https://drive.google.com/open?id=1o2ZcnlWyEjHgZPFU2qEzyopT7V0HdvQu
12/27/2024 10:40:34,滑蛋牛肉,"牛肉片100公克
雞蛋4顆
蔥花15公克
鹽1/4茶匙
米酒1茶匙
高湯80CC
太白粉1茶匙","1.牛肉片加入1茶匙太白粉抓勻，入鍋汆燙，水滾後5秒即撈出瀝乾。
2.雞蛋加入鹽、米酒、高湯、太白粉拌勻，加入牛肉片及蔥花拌勻。
3.熱鍋下2大匙油，將作法2再拌勻一次後倒入鍋中，以中火翻炒至蛋凝固即可。",https://drive.google.com/open?id=1x9_st5MRXY2Mn9nfA6zjhA1YG9XYOiEd
12/27/2024 10:48:19,紅燒牛肉麵,"牛肋條900g
洋蔥1/2顆
牛番茄2顆
紅蘿蔔1~2根
青蔥2支
蒜頭5瓣
薑片6片
豆瓣醬1大匙
醬油3大匙
紹興酒2大匙
白胡椒適量
冰糖1匙
八角1~2顆
香葉2片","1.把牛肋條切大塊，蔥切段，薑切片，洋蔥對半後切大塊，番茄一切六，紅白蘿蔔去皮後切成大塊
2.熱鍋後不需加油，直接把牛肋條下鍋，煎炒到每一面都焦香，先夾起鍋
3.用鍋內餘油把洋蔥下鍋炒到微透明，蔥白、薑片、蒜頭下鍋一起爆香
4.加入一大匙豆瓣醬，把豆瓣醬炒出香氣
5.把煎好的牛肋條全部下鍋，加入醬油，大火炒出醬香，再淋上紹興酒
6.把牛肉移到適合燉煮的深鍋中，加入蔥綠、番茄，倒入水至淹過牛肉。把八角、香葉、胡椒粉、冰糖都放下鍋，煮到大滾後轉小火，加蓋燉煮30分鐘
7.在牛肉燉了半小時後，再把紅蘿蔔和白蘿蔔放入鍋裡，再燉半小時即可",https://drive.google.com/open?id=1WJ5gwvUxzVK1BdMnZ1lF5VXnhH4dkX5B
12/27/2024 10:55:04,卜肉,"里肌肉1斤
黑胡椒1/4小匙
五香粉1/4小匙
醬油2大匙
酒1大匙
糖1大匙
水適量
全蛋液 半顆
太白粉1大匙
蒜末1匙
麵粉1杯（240cc)
沙拉油1大匙
泡打粉1/4小匙
鹽適量","1.里肌肉切成小條狀加入黑胡椒1/4小匙五香粉、醬油、酒、糖、水、全蛋液、太白粉、蒜末拌勻醃1小時
2.把麵粉、沙拉油、泡打粉、鹽、水調製成粉漿，放入醃好的肉條，均勻的裹上厚厚的粉漿，下鍋油炸，至金黃色即可",https://drive.google.com/open?id=1tc2U2VflBDZ0yJ6psusBfsfdj1e64Lvx
12/27/2024 11:02:04,蔥燒鯽魚,"鯽魚6條
蔥210g
老薑6片
食用油適量
醬油200C.C.
烏醋160C.C.
冰糖80g
水900C.C.","1.蔥切長段，老薑切片
2.鯽魚洗淨擦乾，起一個油鍋開始煎炸
3.魚煎炸好後，改小火，把蔥全部放入，炸30秒左右
4.把炸好的蔥平舖於鍋底，再把魚放入
5.加入醬油、烏醋、冰糖、水即薑片，小火煮1小時即可",https://drive.google.com/open?id=1DvgVOe8ZQYFbcib1AcEZbjHyVfokLuJi
12/27/2024 19:14:25,麻辣雞胸,"
雞胸肉塊1副雞胸, 
洋蔥半顆, 
麻辣香鍋調味包1包, 
太白粉少許, 
米酒少許, 
鹽1小匙, 
","
1.	雞胸肉洗淨切塊，洋蔥切片，雞肉加太白粉、米酒、鹽醃10分鐘以上
2.	油鍋放蒜末雞肉炒至7-8分熟裝至盤子，放洋蔥快炒在把雞肉和麻辣醬倒入鍋內快炒至熟既可
",https://drive.google.com/open?id=1LHF3e33X9uhU3Ext4PcdSxLOCnyjBNKd
12/27/2024 19:15:21,話梅燉肉,"
五花肉角350公克
薑片4片
青蔥1支
雪碧300ML
醬油60ML
話梅5顆
","
1.	小V鍋設定中火5分鐘。
2.	待1分鐘油熱後放入五花肉，煎至表面上色。
3.	加入其它所有的材料，稍微拌勻。
4.	中火10分鐘煮滾後，再以微火煮100分鐘（可視喜歡的熟軟度決定微火烹煮時間）。

",https://drive.google.com/open?id=12F6BJ2RLMGz1gCqmAklt4ZizLULJyj_R
12/27/2024 19:16:27,泰式白菜冬粉湯,"
大白菜400g
豬肉片200g
芹菜200g
冬粉100g
白蘿蔔150g
胡蘿蔔50g
青蔥30g
醬油3大匙
米酒2大匙
味醂2大匙
蒜頭2大匙
黑胡椒粉1大匙
雞粉1茶匙
熱水1.6ℓ
","
1.	熱鍋下蒜末、豬肉片翻炒
2.	嗆入醬油、米酒、味醂、黑胡椒粉
3.	沖入熱水，加入大白菜、白蘿蔔、胡蘿蔔
4.	大火燒開，轉小火煮12~15分鐘
5.	調入雞粉，加入2把冬粉，再煮2~3分鐘
6.	撒上蔥段、芹菜段
7.	再煮30秒即可
",https://drive.google.com/open?id=1jLUuOBIkhxXUO9b0TWAcHrvxXMeas3EV
12/27/2024 20:06:08,紅燒棒棒腿,"棒棒腿10支
紅蘿蔔隨意
鳥蛋隨意
海帶隨意
蒜頭1小把
青蔥1根
月桂葉1片
八角1粒
辣豆瓣醬1大匙
醬油約2大匙
蠔油約1大匙
冰糖約3大匙
米酒約3大匙
白胡椒粉適量
五香粉適量
清水淹過食材的量
太白粉水隨意
","
1.	棒棒腿：清洗後備用 紅蘿蔔：去皮切塊 薑：切厚片 蒜頭：拍碎 青蔥：對切
2.	鍋中適量清水、棒棒腿、薑片、米酒 轉中小火燒煮至棒棒腿變色出血水後撈出 棒棒腿、薑片稍微清洗後擦乾備用 不想汆燙也可以直接煎 擦乾表面水份，在煎的時候比較不會噴油
",https://drive.google.com/open?id=1e90TyFhSG6f6_FcjHhu5D4_pqwmo98XL
12/27/2024 20:07:08,薑味地瓜湯,"老薑30克
桂圓30克
紅棗6顆
米酒1湯匙
黑糖50克
地瓜2條
","
1.	地瓜2條/500克，削皮、切滾刀狀。
2.	薑去皮、切片。
3.	桂圓剝開、紅棗清洗一下，然後浸泡在1湯匙米酒裡。
4.	準備半鍋水，烹煮地瓜。烹煮時間大約10-15分鐘，竹籤刺入地瓜、不硬心即熟透。
5.	另外準備小鍋，500毫升水+薑片燜煮15分鐘。
6.	然後加入桂圓與紅棗，蓋上鍋蓋再烹煮15分鐘。
7.	最後調入黑糖，成為黑糖薑湯。
8.	碗裡盛適量熟地瓜，置入黑糖薑湯。
",https://drive.google.com/open?id=13xQMzMCF9eOMebHwZgj8ny4oFpnKF4Ci
12/27/2024 20:09:34, 韓式涼拌菠菜,"菠菜(燙熟)350g
蒜頭30g
青蔥20g
醬油1大匙
香油1大匙
熟白芝麻1大匙
鹽少許
砂糖少許
味精少許
黑胡椒粉少許","
1.	菠菜用清水浸泡，去除泥沙
2.	起一鍋滾水，加鹽，菠菜下鍋焯水
3.	焯4~5分鐘至軟化，撈出
4.	用冷水投涼
5.	從菠菜根部剖成4半，然後用手撕開，改刀切成長段
",https://drive.google.com/open?id=1Wol5PTcgwNEqbVXeZvjX9QsroTYu9Jit
12/27/2024 20:10:26,韓式小蔥泡菜,"青蔥300g
蒜頭30g
鯷魚魚露50g
冷水2大匙/30g
韓式粗辣椒粉20g
細紅辣椒粉10g
熟白芝麻10g
砂糖10g
雞粉3g
","
1.	小蔥摘洗乾淨，控乾水分
2.	小蔥全部切成長段，加魚露抓拌均勻【也可以整支不切，上餐桌前用剪刀剪段】
3.	加入蒜泥、韓國辣椒麵、細紅辣椒粉、砂糖、雞粉、白芝麻、冷水
4.	抓拌均勻，裝入保鮮盒裏常溫發酵
5.	酸辣脆爽的蔥泡菜就做好啦，搭配烤肉吃更是一絕
",https://drive.google.com/open?id=1tW668J-DB2LhFikMyLa84MrqwOb2EDer
12/27/2024 20:11:14,鯛魚魚片粥,"鯛魚片300克
薑絲30克
烹大師鰹魚粉2克
鹽1克
蔥花適量
白胡椒粉1小匙
米1杯
","
1.	米一杯可以煮出正常3～4人份，大胃王的二人份。
2.	米洗淨放4-6倍水，煮米至喜歡的軟硬度。 因為我是用萬用鍋煮的水分不會消失，所以就放四杯水，如果用鍋子在爐子上煮可以放六杯水。
3.	煮粥的途中將魚切成薄片，薑切成絲。
4.	粥煮好下魚片與薑絲。拌勻其實魚就熟了。
",https://drive.google.com/open?id=13gMrRgaCcZqJzE1kSARAVfrkjsWdzKiP
12/27/2024 20:12:00,絲瓜雞蛋麵,"關廟細麵3片
絲瓜1條
雞蛋3個
大蒜（蒜苗）1支
去尾蝦仁8尾
雞高湯900ml
鹽適量
","
1.	取一小湯鍋加入水煮滾 後加入1匙鹽與關廟細麵 待麵條煮熟後盛碗備用 
2.	同時間備料 絲瓜去頭去尾削皮切十字後再滾刀切成塊狀 蒜苗斜切分蒜葉與蒜白備用 蝦仁用鹽稍微抓醃一下
3.	取一鍋下1匙油熱鍋加入打散的雞蛋液 待蛋液微凝固往中心點集中翻炒 做成炒蛋後盛起備用
4.	原鍋不洗再下1匙油 加入蝦仁煎至二面金黃盛起備用
5.	原鍋不洗加入切好的蒜白翻炒
6.	再加入切好的絲瓜翻炒均勻
7.	後加入雞高湯煨煮10分鐘
8.	待絲瓜煮至微軟 加入炒蛋與煎好的蝦仁小滾 最後試味道適量鹽調味
9.	關廟細麵鋪底 盛碗即可上桌！
",https://drive.google.com/open?id=1MqlSYk8MVV__cm9OeQnOixtNrdtYu7Qc
12/27/2024 20:12:38,鍋燒麵疙瘩,"蝦3隻
司目魚丸3顆
高麗菜少許
青江菜少許
紅蘿蔔少許
麵中筋175克
水100克
鹽3克
沙茶少許
","
1.	先用麵粉跟水，混勻揉至三光，鬆弛30分備用。 
2.	水跟蝦、丸子、高麗菜、紅蘿蔔絲，下鍋先煮。 
3.	將以鬆弛好的麵團，捏成片塊，下過煮熟。 
4.	加入青江菜煮，再加調味料即可。

",https://drive.google.com/open?id=1E21oHdsnCZ8eHzaOz2Y-5tPJKR32ywLG
12/27/2024 20:17:13,墨西哥捲餅,"小黃瓜2條
牛蕃茄2個
西生菜1顆
紅甜椒黃甜椒2顆
舒肥雞胸肉3片
墨西哥餅皮2包
蕃茄醬一小碗
胡麻醬1小碗
沙拉醬1條
起司塊6塊
","
1.	材料：墨西哥捲餅數片、小黃瓜、紅黃甜椒、牛蕃茄、西生菜、起司塊、舒肥雞胸肉數片 做法： 小黃瓜用鹽巴抓洗後切片 紅黃甜椒切條 牛蕃茄切片 西生菜撕片 起司塊切條 舒肥雞胸肉用平底鍋稍微煎熱後切片擺盤 墨西哥餅用平鍋乾煎10秒即可
2.	吃法：取一片捲餅，放上西生菜、小黃瓜片、蕃茄片、起司條、甜椒及雞肉，擠上蕃茄醬及沙拉醬，即可捲起食用。
",https://drive.google.com/open?id=1cReohJL0pda4tfAyKoJXOkJyn5NOjSfE
12/27/2024 20:17:55,蒜頭雞湯,"雞腿塊2隻
雞翅4隻
蒜頭2大顆
精靈菇200克
米酒少許
白胡椒小匙
鹽巴適量
水2000毫升
","
1.	雞肉洗淨瀝乾，少許油、熱鍋煎微焦。 起另一鍋燒熱水、備用。
2.	雞肉微焦，加蒜頭用雞油爆香、 米酒在這裡熗鍋、增加香氣。
3.	加入自己喜歡的菇類、拌炒一下，加入剛剛煮滾的熱水
4.	倒入內鍋，電鍋加水1杯，跳起來即可，喜歡有Q度雞肉的外鍋水8分就可以。
",https://drive.google.com/open?id=1THVUCMMvE6QfXYr9YrC83K6HoDui9r_9
12/27/2024 20:18:28,滷豬肋排,"豬肋排少許
糖少許
辣椒一條
黑胡椒粒少許
蔥少許
蒜少許
醬油少許
醬油膏少許
八角少許
","
1.	把豬肋排乾煎出香味，放入糖炒出焦糖，
2.	在放入蒜頭，蔥，辣椒，白胡椒粒，八角拌炒 
3.	加入醬油拌炒，水蓋過食材 ，用壓力鍋可以省時把軟骨變成QQ的很像牛腳筋。
",https://drive.google.com/open?id=1WiSYkRFakEopS5rKadNnYrEW4udywgWU
12/27/2024 20:19:06,漢堡肉,"豬絞肉少許
鹽巴少許
糖少許
洋蔥少許
蔥少許
醬油膏少許
香油少許
綜合黑胡椒粉少許
低筋麵粉少許
食用油少許
","
1.	先把洋蔥與從切細，放入鍋內加油炒出香味，放涼，這步驟可以把洋蔥跟蔥的辛辣味炒出來，炒過的洋蔥跟蔥會有甜味與香氣孩子也比較能接受
2.	拌入所有的調味料，打到有黏性，最後淋上少許食用油封住，煎的時候會比較不沾鍋。 不用退冰就可以直接煎了
3.	拌入所有的調味料，打到有黏性，最後淋上少許食用油封住，煎的時候會比較不沾鍋。 不用退冰就可以直接煎了

",https://drive.google.com/open?id=1DNMT58m-fxPA-ijwoc1h4l-JGVWJMbEl
12/30/2024 13:46:26,竹筍炒肉絲,"桂竹筍600g
五花肉肉絲200g
蒜頭2粒
辣椒1根
青蔥2根
辣豆瓣醬1大匙
鹽巴少許
白胡椒粉少許
高湯200c.c.
香油1小匙
豬油1大匙
砂糖1小匙","1.將蒜頭，辣椒切碎，青蔥切小段備用。竹筍洗淨，放入滾水中煮約15～20分鐘，取出泡冷水冰鎮
2.將煮過的竹筍切去底部粗糙的纖維，用手直接撕成絲狀，再切成適口小段
3.豬肉絲用糖、醬油、香油、白胡椒、米酒、適量高湯（或水）抓醃片刻，再放入玉米粉繼續均勻抓醃
4.取一支炒鍋，下油熱鍋後，下醃好的豬肉絲，先不動鍋，讓高溫使肉絲表面粉末抓勻，20秒後再翻炒爆香，炒至七八分熟後撈出備用
5.同鍋，放入豬油，下竹筍拌炒後，再加入辣豆瓣、蒜頭、辣椒、炒好的肉絲、少許高湯續炒，最後加入青蔥及香油，即可盛盤",https://drive.google.com/open?id=1rsdndmvKnitAM5Ptd9UqRRH1KQwKBOcv
12/30/2024 14:00:20,芥蘭牛肉,"牛肉片200克
芥蘭1把
蒜頭4瓣
水1/6米杯
辣椒一小枝
米酒1大匙
太白粉1大匙
醬油膏1大匙
塩1/3小匙
糖1/2小匙
沙茶醬1大匙","1.牛肉片，用醃料醃
2.芥蘭菜洗淨，梗部刨去硬皮切段，葉片摘小片
3.蒜頭去膜切片
4.平底鍋加2大匙油，倒入牛肉片，炒1分鐘，盛盤
5.下蒜片翻炒，再下芥蘭菜翻勻
6.倒入1/6米杯水將芥蘭菜煮軟點
7.半熟牛肉回倒鍋中，下調味料翻煮
8.喜歡吃辣，可加點辣椒碎拌勻",https://drive.google.com/open?id=17YlNN3kqnTsBm-nUUpwE9gjl73MdHNgA
12/30/2024 14:07:57,塔香海瓜子,"海瓜子200g
蔥綠1/6條
薑1/6小條
蒜2大瓣
九層塔3大株
乾辣椒2小條
醬油5g
醬油膏10g
清酒5g
糖1g","1.備料：海瓜子泡常溫水加鹽巴，吐沙30分鐘
2.薑切絲、蒜頭拍末、乾辣椒切小段、蔥綠切小段，九層塔拔葉
3.下鍋：熱鍋下油後，加入薑、蒜、乾辣椒炒香
4.下鍋：薑蒜炒出香氣後，下海瓜子與調味料，拌炒一下蓋鍋蓋悶煮
5.下鍋：悶煮約40秒，可以聽到海瓜子打開的聲音，就可以開鍋蓋加入加入九層塔與蔥綠，拌炒把味道煮入",https://drive.google.com/open?id=17tsYjWX-oJCUBYGbAmRrs4QxiY8LeAmb
12/30/2024 14:12:06,蒼蠅頭,"豬絞肉1盒
紅椒or辣椒1個
黃椒1個
青椒1個
韭菜or韭菜花1把
白糊椒粉少許
豆鼓1/4包
蒜頭3顆
蔥3支
醬油少許
細砂湯少許","1.先將絞肉川燙過(川燙完我會用開水將絞肉洗一洗，洗掉白白的雜質，煮起來菜色會比較漂亮)
2.再煮的同時，我會先將蔥，蒜頭切好備用
3.依序切黃椒，紅椒，韭菜(記得分四段切，最後段，後段，中段，前段)
4.鍋裡先加一匙油，先放入蒜頭豆鼓蔥爆香，炒到有香味後→加入絞肉拌炒一下，拌炒均勻後加入少許醬汁及細砂糖，轉小火悶2分鐘，讓肉汁吸收湯汁！爾後先放入韭菜最後段及後段→黃椒→紅椒→白胡椒粉，拌炒均勻一樣關小火悶煮三分鐘
5.起鍋前再加入韭菜得中段，拌炒樣下即可起鍋",https://drive.google.com/open?id=1tZ0OEJaYqBqOKAmc2Dhtm5i-uSre0GMn
12/30/2024 14:16:09,蔥爆豬肉,"豬五花500g
蔥3根
大蒜3顆
鹽1小匙
胡椒1小匙
醬油2大匙
米酒1大匙
糖1小匙
香油1小匙","1.豬五花切長條狀， 蔥白蔥綠切小段分開、大蒜切片。 醬油2大匙、糖一小匙、米酒一小匙、香油一小匙
2.豬五花直接入炒鍋、開中火逼出油
3.在逼出的油中煎至金黃色
4.瀝乾油的豬五花盛出備用,鍋中放一小匙豬油爆香蔥白、蒜片
5.把豬五花倒回鍋中拌炒
6.將調料，鹽、胡椒、醬油、糖放入翻炒，米酒沿著鍋邊淋下、香油接著下翻炒拌勻
7.最後把蔥綠加入快速翻炒即可裝盤
8.焦香的蔥爆豬五花下酒好菜上桌",https://drive.google.com/open?id=16i8YeDzR9dGKgVovUzElxVCv3Jq8JbR6
12/30/2024 14:20:54,糖醋雞丁,"雞胸肉2塊(300g)
洋蔥100g
紅黃甜椒各100g
蒜頭2~3瓣
醬油1T
米酒1T
蛋黃1個
白胡椒1/4t
太白粉1T
太白粉50~60g
番茄醬3T
糖4T
醬油1T
白醋3T
太白粉1.5T
冷水4T","1.雞胸肉切成約2公分塊狀，加入醃料混合均勻，醃漬30分鐘入味
2.洋蔥及紅黃甜椒切成方塊，蒜頭切末，調味料全部混合均勻備用，醃好的雞塊均勻沾上一層太白粉，鍋中倒約200g油，油溫熱後，放入雞肉，以中火炸至金黃色盛起
3.再度將油燒熱，將雞塊放入在炸30秒盛起，原鍋中保留2T的油，其餘油倒出，加入蒜末及洋蔥炒香，再加入紅黃甜椒翻炒1~2分鐘
4.加入綜合調味料，煮至沸騰(加入時邊加邊攪拌)，最後加入雞肉塊快速混合均勻即可",https://drive.google.com/open?id=1zRZn2SsfWW5yQnaT4oSd8Mz7eZxk2muu
12/30/2024 14:26:10,沙茶羊肉,"火鍋羊肉片200g
空心菜1把
蒜頭4瓣
紅辣椒1支
米酒1湯匙
鹽1/2匙
沙茶醬1.5匙","1.火鍋羊肉切對半，空心菜洗淨切段；蒜頭切片；紅辣椒切段
2.炒菜鍋中倒入2匙油，油熱後，放入蒜頭及紅辣椒炒香，加入羊肉片炒散，再加入空心菜拌炒均勻，最後加入所有調味料，最後翻炒2~3分鐘即可",https://drive.google.com/open?id=1dYgUjdeLUWoUtM_GeBcogSSksZFIaavT
12/30/2024 15:05:44,糖醋排骨,"豬小排1kg
薑53g(10片)
蔥120g
紹興酒4tbsp
白醋4tbsp
冰糖150g
生抽6tbsp
老抽4tbsp
水700ml","1.豬小排切塊
2.煮一鍋熱水後先川燙煮豬小排，只要水面上浮出白白泡泡即可不需要等到水滾，如果水滾煮太久豬肉容易吃起來沒有鮮嫩肉汁
3.川燙後的豬小排先備在旁邊
4.先熱一鍋油老薑炒香
5.放入豬小排，再加入紹興酒去腥味炒一下後，再放生抽還有水600ml(水大概淹到排骨的2/3)
6.再蓋上鍋蓋悶煮到排骨變軟，大概悶煮20分鐘左右，可以隨時打開鍋蓋注意水是否被燒乾，如果燒乾的話再加入一些水(約100ml)，悶煮到排骨變軟，過程都用中大火
7.用木鏟壓的方式，可以看看排骨是否變軟
8.變軟後加入冰糖
9.再加入蔥及白醋一起拌炒
10.蔥拌炒後加入老抽上色，再繼續蓋鍋蓋燜煮，大概燜煮5分鐘後，打開鍋蓋拌炒一下收汁即可",https://drive.google.com/open?id=1v8gVksnVIIStnqQa80tqtpsVVadBhRwO
12/30/2024 15:09:54,肉絲炒麵,"油麵50元
肉絲適量
洋蔥絲一顆
紅蘿蔔絲適量
木耳絲適量
鴻禧菇一包
韭菜一小把
油蔥酥適量
高麗菜1/4顆
醬油適量
香油適量
白胡椒粉適量
醬油膏適量
烏醋適量
鹽巴適量","1.備料先用醬油、香油、白胡椒粉醃肉絲，將紅蘿蔔、木耳切絲、韭菜切段
2.肉絲先下鍋
3.鴻禧菇下鍋
4.鴻禧菇炒香後下洋蔥爆香
5.加入油蔥酥
6.加入紅蘿蔔絲跟木耳絲
7.下高麗菜
8.下韭菜
9.下油麵
10.下醬油、醬油膏、鹽巴調味
11.起鍋前灑點鍋邊烏醋調味，灑上白胡椒粉，拌炒一下即可",https://drive.google.com/open?id=193GAeh7cLSWLn9u5iAl-sUqbtrDELU6k
12/30/2024 15:15:52,螞蟻上樹,"冬粉3個
絞肉適量
蔥2支
蒜頭2瓣
薑3片
豆瓣醬3匙
醬油3匙
水3杯","1.冬粉泡水15分鐘後，剪斷，蔥分蔥白蔥綠，蒜頭、薑切末
2.熱油鍋，炒絞肉
3.下蒜末，薑末，蔥白爆香
4.加入豆瓣醬及醬油，炒香
5.加入3杯水，煮滾後，加入冬粉
6.調味，加入鹽巴，糖，白胡椒粉
7.煮到水份有收乾就可以了",https://drive.google.com/open?id=1HwX0dYudm4KMtVFYvi-65v9BCWnaJ_qG
12/30/2024 16:18:19,東坡肉,"五花肉(1.2~1.5臺斤)680g
蔥(切段)3支
蒜末4-5瓣
薑片約6片
辣椒(切絲)1支
油1小匙
青江菜4-5把
紹興酒200ml
醬油100g
冰糖約50g
水約350ml","1.五花肉1大塊洗淨後切成4小塊
2.蒜切末、薑切片、聰切段、辣椒切絲，五花肉1大塊洗淨後切成4小塊，以棉繩綁緊；所有食材與醬料準備就緒
3.取一鍋放入五花肉；以中小火跑活水方式從冷水開始煮，水滾後轉中火續煮約5分鐘，撈除表面浮抹，再以清水沖洗乾淨，就能去除雜質與腥味；再將五花肉表面水分盡量擦乾(避免後續放入鍋中有水分會油爆)
4.取一鍋，倒入少許油(約1小匙)；放入蒜末、蔥段、辣椒煸香後取出盛盤備用
5.倒入冰糖，炒至冰糖融化成焦糖褐色，將步驟1擦乾水分的五花肉皮朝下放入鍋內，一面上色後再翻面將其他面也都翻炒上色
6.倒入紹興酒、醬油、冰糖、水等醬汁，再放入步驟2炒香的辛香料，以中大火煮滾後，蓋上鍋蓋，轉外圈米粒般小火繼續燉煮約2小時
7.燉煮過程中，每30~40分鐘掀蓋翻面讓五花肉每面都上色並燉煮入味
8.掀蓋，改以中大火將醬汁收稠
9.燉煮過程中，可另起一鍋，水滾後，加1/4小匙鹽(分量外)，放入青江菜村汆燙約30秒，瀝乾水放後備用",https://drive.google.com/open?id=1zpes0SqeGaHQzvorNd3JZaCI4kxaWBMX
12/30/2024 16:57:45,麻油雞,"雞肉塊900公克
薑片100公克
黑麻油3大匙
米酒1200㏄
雞粉適量","1.雞肉塊洗淨，瀝乾備用
2.取鍋燒熱，放入3大匙黑麻油，再放入薑片以小火爆香，至邊緣微焦的狀態
3.接著放入作法1的雞肉塊，炒至顏色變白
4.最後倒入米酒、雞粉煮滾，以小火燜煮約40分鐘至入味即可",https://drive.google.com/open?id=1xJrOnnuq8QmuClmTCIA3wnwAFfg7Ki_p
12/30/2024 17:01:28,瓜仔肉,"豬絞肉300公克
罐頭花瓜一罐
蒜末20公克
高湯500㏄
醬油5大匙
米酒1大匙
冰糖1小匙
雞粉少許
胡椒粉少許","1.罐頭花瓜取出花瓜切成丁，湯汁保留備用
2.熱一鍋，放入兩大匙油，加入蒜末爆香後，加入豬絞肉炒散
3.再加入所有調味料炒至入味後，盛入砂鍋內
4.於作法3的砂鍋內倒入高湯、作法1的花瓜湯汁煮至沸騰，轉小火再煮15分鐘
5.最後加入作法1的花瓜丁以小火續煮15分鐘即可",https://drive.google.com/open?id=12jr7utLJeNAnBetMc5-5Uv7kuNfcgZKd
12/31/2024 9:18:00,紅燒獅子頭,"瘦豬肉420公克
肥豬肉180公克
荸薺100公克
薑末15公克
蔥末20公克
雞蛋1個
大白菜400公克
蔥2根
薑15公克
鹽6公克
水100cc
雞精粉8公克
細砂糖10公克
醬油15㏄
料理酒15㏄
白胡椒粉1茶匙
香油1大匙
水1000㏄
醬油160㏄
細砂糖1大匙","1.將荸薺拍碎，切成粒狀備用，大白菜切成塊狀同樣洗淨備用
2.將瘦肉剁成肉末，肥豬肉切成粒狀備用
3.將作法2剁好的肉末放入鋼盆中，加入鹽以同一方向攪拌後，將肉拿起往盆中摔，重覆數次直至肉有黏性為止
4.在作法3摔好的肉中加入雞精粉、細砂糖及雞蛋，拌勻後將100cc的水分2次加入，一面加水一面攪拌至水分被肉吸收
5.於作法4拌好的肉中加入荸薺、薑末、蔥末及其他調味料A，拌勻後將肉餡分成數等份，用手掌捏成圓球形即成獅子頭
6.熱鍋下約100㏄沙拉油，將作法5中作好的獅子頭下鍋，以中火煎至表面成形且略焦黃即可
7.取一燉鍋，將材料B的蔥、薑拍破後放入鍋中墊底，再依序放入煎好的獅子頭及調味料B，待燒滾後，轉小火煮約30分鐘，再加入作法1中處理好的大白菜，再煮約15分鐘至大白菜軟爛後即完成",https://drive.google.com/open?id=1uW29CM1YKgVgffs0WwF-Vc9YwPhQgVU9
12/31/2024 9:22:53,辣子雞丁,"雞胸肉150克
紅辣椒1條
蒜頭2顆
薑15克
蔥1根
辣豆瓣醬1茶匙
糖1/2茶匙
水30㏄
醬油1/2茶匙
水20㏄
太白粉1茶匙
紹興酒1/2茶匙
糖1/4茶匙
鹽1/4茶匙","1.雞胸肉洗淨切丁，加入所有醃料醃約15分鐘備用
2.紅辣椒洗淨切斜片；蔥洗淨切段；蒜頭、薑切末，備用
3.熱一鍋，加入適量的油加熱至約120℃，放入作法1的雞丁並攪拌至雞肉變白即撈出
4.將作法3鍋中留少許油，放入作法2的薑蒜、辣椒片小火炒香，加辣豆瓣醬、水、糖略炒後，放入作法3的雞丁再炒約1分鐘
5.以太白粉水勾芡後盛盤，將作法2的蔥段置於上面即可",https://drive.google.com/open?id=1HLqia-1qFMVRQZgU95LZBpEeu_GjYTan
12/31/2024 10:09:29,菜脯蛋,"蘿蔔乾80公克
蛋3顆
青蔥1支
雞粉少許
細砂糖1/2小匙
米酒1/4小匙
太白粉1/4小匙
香油少許","1.蘿蔔乾洗淨後切細末；青蔥洗淨並瀝乾水份後切細末，備用
2.取一乾淨大碗，將蛋打入後再放入作法1及所有調味料一起拌均勻，備用
3.起一鍋，待鍋燒熱後再放入2大匙油（份量外），再倒入作法2煎至七分熟後，翻面煎至金黃色取出，並切成4等份後再放入少許蔥花（份量外）即可",https://drive.google.com/open?id=1HMcVSFA1KLUMVuNOKcQB1p2ZNif3y2qm
12/31/2024 10:15:41,滑蛋豆腐,"板豆腐1塊
蛋2顆
豬絞肉200克
蒜2顆
蔥2根
米酒適量
醬油適量
白胡椒適量
飲用水適量
太白粉適量
香油少許","1.蒜頭、蔥白切末，蔥綠切花、兩顆雞蛋打勻備用
2.碗中放入蔥白、蒜末、豬絞肉拌勻，加入米酒、醬油
3.鍋內下少許油，將板豆腐剝塊入鍋，小火煎到板豆腐表面微焦，起鍋備用
4.原鍋不加油，放入豬絞肉炒香，加入米酒、醬油、白胡椒、水、豆腐煨煮
5.分批加入芡水勾芡，關火加入蛋液，用湯匙輕滑後再將火打開，關火加入少許香油，撒上蔥花，即完成",https://drive.google.com/open?id=1DYInLd7QJskUIx7f0TP6os6lX35vHRCE
12/31/2024 10:24:43,魚香烘蛋,"蛋7顆
荸薺35公公克
蔥花10公公克
蒜末10公公克
絞肉60公公克
薑末5公公克
辣豆瓣醬2大匙
醬油1茶匙
白醋1茶匙
細糖2茶匙
水150cc
太白粉水1大匙","1.荸薺切碎，蛋打散備用。熱鍋後加入100cc沙拉油，將油加熱至約200度，關火用勺子舀出一勺的熱油，將蛋液倒入鍋中後再將一勺熱油往蛋中央倒入，讓蛋瞬間膨脹後開小火以煎烤的方式將蛋煎製兩面金黃後裝盤
2.蛋取出後鍋裡留少許油，下蒜末及薑末小火爆香後加入絞肉炒至絞肉變白散開後再加入辣豆瓣醬略炒幾下
3.加入荸薺、蔥花、醬油、白醋、細糖及水翻炒煮開後用太白粉水勾芡再淋至蛋上即可",https://drive.google.com/open?id=1chqqglrqQeNqhhACbjgOI0p81RMpjZ7f
12/31/2024 10:34:53,豬血湯,"豬血湯600公克
韭菜40公克
酸菜50公克
高湯700c.c.
油蔥酥適量
沙茶醬少許
鹽1/4小匙
雞粉1/4小匙
冰糖少許
白胡椒粉少許","1.豬血洗淨切塊，放入滾水中汆燙一下，撈出泡水備用
2.韭菜去頭尾，洗淨切小段；酸菜洗淨切細備用
3.高湯倒入鍋中，煮滾後放入作法1的豬血塊，待再度煮滾後加入所有調味料煮至入味
4.在作法3的鍋中再放入作法2的酸菜絲和韭菜段，以及油蔥酥和沙茶醬即可",https://drive.google.com/open?id=1FcNo-MrPMRBm_FqW67e72iO7GDAXGXJ_
12/31/2024 10:38:11,大腸麵線,"大腸1800公克
紅麵線600公克
熟筍絲35公克
木耳絲35公克
紅蔥末25公克
蒜末20公克
熱高湯2500㏄
柴魚片適量
太白粉水適量
薑片適量
蔥段適量
市售滷包1包
醬油150㏄
冰糖1大匙
米酒2大匙
鹽少許
水2500㏄
鹽1小匙
雞粉1小匙
醬油1大匙
冰糖1大匙","1.將處理好的大腸放入沸水中煮約5分鐘後撈出，另取一鍋，放入燙好的大腸，加入水及所有滷料滷約1小時備用
2.紅麵線放入沸水中燙熟，撈出沖水瀝乾備用
3.熱鍋，加入3大匙油，放入蒜末、紅蔥末爆香至金黃色，倒入熱高湯、熟筍絲、木耳絲煮至沸騰
4.加入所有調味料，以太白粉勾芡，放入作法2的麵線、柴魚片拌勻煮入味
5.食用時加入作法1的滷大腸、蒜泥、烏醋與香菜即可",https://drive.google.com/open?id=1Wm2gU5pNP4iFu7_nCdvXSKdZPhb46mrZ
12/31/2024 10:39:36,珍珠丸子,"豬絞肉250公克
蒜頭2粒
紅蘿蔔10公克
長糯米30公克
蛋白1顆
香油1小匙
鹽少許
白胡椒粉少許","1.將蒜頭、紅蘿蔔切成碎末狀備用，取一個容器，加入豬絞肉和作法1的材料混合拌勻
2.先加入香油、鹽、白胡椒粉混合拌勻後，再加入蛋白增加肉質滑順的口感
3.用手掌摔打出筋後，再捏出球狀
4.長糯米洗淨，泡至清水中15分鐘，接者將糯米濾水後盛盤，取作法3的丸子沾裹上適量的糯米
5.排放入蒸籠內，以中火蒸約15分鐘即可",https://drive.google.com/open?id=1OgCh3ZUslPDpEZCLsRriQwBBeZWXd054
12/31/2024 10:44:34,無錫排骨,"豬肋排600公克
蒜頭1球
蔥2支
洋蔥1/2個
辣椒1根
市售滷包1個
蠔油2大匙
酒2大匙
蕃茄醬2大匙
冰糖1大匙
高湯4杯","1.將排骨洗淨，剁大塊，用溫油先炸過(約2分鐘)備用
2.辣椒切半、洋蔥切大塊，與整顆蒜頭、蔥段、薑片一起入油鍋炸出香味撈起
3.在鍋中放入作法1、2的材料，加上所有調味料Ａ和滷包，再倒入高湯淹過材料，燜煮至熟軟
4.取出作法3的排骨，將鍋內的餘汁勾芡淋在上面即完成",https://drive.google.com/open?id=1wh4BMi2vcWyyf-vU_ffDWFMXMqDhRrns
12/31/2024 10:46:16,榨菜肉絲,"榨菜半個
肉絲150g
紅辣椒1支
蒜頭2粒
青蔥1隻
醬油15㏄
味精5g
香油10㏄
白胡椒少許
糖15g","1.榨菜切絲用清水浸泡，以去除鹽分
2.肉絲加調味料醃10分鐘
3.熱鍋加入油15㏄，將蒜碎、辣椒絲以強火炒1分鐘後，再加肉絲炒3分鐘，再加榨菜絲、青蔥絲炒2分鐘即可",https://drive.google.com/open?id=1AlIk-N3HNks46x0hIxE-s-01OO2-I2r0
12/31/2024 10:47:42,山藥排骨湯,"排骨600公克
山藥300公克
紅棗15公克
鹽少許
雞粉少許","1.排骨洗淨，放入滾水中汆燙去血水，撈出後沖洗乾淨、瀝乾水分；紅棗洗淨；山藥洗淨，去皮後切大塊，備用
2.取一湯鍋，加入適量水，放入作法1的排骨與紅棗，煮滾後轉小火續煮約40分鐘，接著放入作法1的山藥塊煮至熟軟後，以鹽和雞粉調味即可",https://drive.google.com/open?id=1Bdx4eaMYivjKUNvYdIpIH7fh3nVsTH2d
12/31/2024 10:51:09,紅油燃麵,"雞蛋麵120公克
豬絞肉50公克
梅乾菜50公克
蒜末10公克
蔥花5公克
碎花生1大匙
鎮江醋1茶匙
涼開水1大匙
醬油1大匙
辣椒油2大匙
花椒粉1/2茶匙
細砂糖1茶匙
醬油1大匙
細砂糖1茶匙","1.所有調味料A攪拌均勻，備用
2.梅乾菜洗淨後擠乾切碎
3.熱鍋下1大匙沙拉油，小火炒香蒜末及豬絞肉，再加入梅干菜炒至水分收乾，加入調味料B炒勻，取出備用
4.燒一鍋水，水開後將雞蛋麵下鍋，小火煮約1分鐘後撈出裝碗
5.在煮好的雞蛋麵上淋約2大匙作法1的醬料，撒上適量作法2的梅菜肉末、碎花生及蔥花即可",https://drive.google.com/open?id=1LCzABjC4mjeVtJ9AM4-h6HyyaJNURJ4L
12/31/2024 10:52:54,客家鹹豬肉,"五花肉3斤
白醋1大匙
蒜末2大匙
味精1茶匙
八角1粒
蒜末10粒
白胡椒粉1大匙
花椒粒2大匙
甘草粉1/4大匙
百草粉1茶匙
五香粉1大匙
鹽5大匙
糖1/2杯
味精1大匙
醬油1/2杯
米酒1/2杯","1.將五花肉洗淨後，切約3㎝厚度條狀，放入全部醃料中醃約3天
2.將作法1五花肉取出，用清水將醃料一並洗掉後，蒸約半小時
3.起油鍋，將作法2五花肉放入鍋中，煎至表面呈金黃色（或可用烤箱烤）
4.將青蒜切斜片墊底，再將作法3五花肉切片後，排於盤上，調好沾料，即可沾食",https://drive.google.com/open?id=1GF7I5iCjlX4cYS0VQzQT9AtylH3QOffv
12/31/2024 10:56:24,九轉肥腸,"大腸頭600公克
薑20公克
香菜20公克
麻油2大匙
醬油2大匙
冰糖1大匙
米酒2大匙","1.將大腸頭洗淨，先用水煮約1小時至軟，再切段備用。薑、香菜分別切成細末備用
2.鍋內放入麻油燒熱，先爆香薑末，放入大腸頭拌炒，再加入醬油、冰糖、米酒，用小火煮至湯汁呈現濃稠狀，起鍋前撒上香菜末即可",https://drive.google.com/open?id=102vH0D9N8GhztDxXyyd-IvI_BynnfUN8
12/31/2024 11:04:59,肉骨茶,"排骨尾骨肉1斤
乾香菇5朵
水3公升
蒜頭3大顆
肉骨茶香料包1包
鹽少許","1.排骨肉洗淨放入滾水中汆燙後撈起，用冷水沖洗乾淨；乾香菇放入冷水中泡軟備用
2.另取一深鍋，將水煮滾後，放入肉骨茶香料包燜煮30分鐘，加入作法1的香菇及蒜頭一起煮開後，改用小火續煮30分鐘，再將作法1的排骨放入鍋內，以小火續煮1小時，最後以鹽調味即可",https://drive.google.com/open?id=1mHuTmCuMzNgbTyOi1jgkVC3abxqZTdri
12/31/2024 11:06:53,咕咾肉,"梅花肉300公克
蒜末公克
蘋果公克
青椒公克
紅蘿蔔公克
鹽少許
糖3大匙
水3大匙
烏醋2大匙
蕃茄醬3大匙
醬油1/2大匙
糖匙
蛋液1/2個
太白粉匙","1.梅花肉洗淨切適當塊狀，加入所有醃料醃約40分鐘；蘋果切塊；紅蘿蔔去皮切片；青椒去籽切片，備用
2.熱鍋，倒入稍多的油，待油溫熱至160℃，放入作法1的梅花肉塊炸至上色且熟，撈起瀝油備用
3.作法2鍋中1大匙油，放入蒜末爆香，再及所有調味料煮至沸騰
4.放入作法2的梅花肉塊、作法1的蘋果、紅蘿蔔拌勻，再加入青椒片即可",https://drive.google.com/open?id=13x7q0zelqPjTykN4Rq_B7BsUIToGRuNl
12/31/2024 11:14:43,油雞,"雞腿1支
薑10公克
大蒜3粒
鹽1小匙
鮮雞粉1/2小匙
細砂糖1小匙
米酒1大匙
冷開水50㏄
白胡椒粉少許","1.雞腿洗淨，放入滾水中燙煮至完全熟透，撈出瀝乾水分，切塊排入盤中備用
2.薑、大蒜均洗淨、去皮、切末，放入大碗中加入所有調味料拌勻，淋在作法1雞腿肉塊上即可",https://drive.google.com/open?id=1PvgsWKxF-ulVoHNkeieyQbUBdmjok_Ma
12/31/2024 11:17:38,香菇雞湯,"土雞1/4隻
乾香菇10朵
老薑30公克
青蔥1根
水600㏄
鹽1小匙","1.土雞剁小塊，放入滾水中，汆燙1分鐘後撈出備用
2.乾香菇泡水至軟，剪去蒂頭備用
3.老薑去皮切片；青蔥切段，備用
4.將作法1～3的所有食材、水和調味料，放入電子鍋內鍋，按下「煮飯」鍵，煮至開關跳起即可",https://drive.google.com/open?id=1vTXcbGJpfdYFvQntAqf9SL9sH3rRroX5
12/31/2024 11:20:10,左宗棠雞,"去骨雞腿肉130g
紅辣椒1條
蒜末15g
太白粉15g
醬油15㏄
米酒5㏄
蛋液15g
太白粉3g
白砂糖5g
蕃茄醬15g
白醋5㏄
醬油15㏄
米酒5㏄
水5㏄","1.去骨雞腿肉切成2公分小塊，以調味料A醃約5分鐘後，加入15㏄沙拉油拌勻
2.調味料B調成粉漿，加入蒜末拌勻；辣椒剖半切成4段備用
3.鍋燒熱，倒入約2小碗的沙拉油，放入作法1的雞肉塊以小火慢炸約5分熟撈起瀝乾油脂
4.另取熱鍋加入5㏄沙拉油，以小火略為爆炒作法1.的紅辣椒段後，再加入作法3的雞腿肉炒至熟後，改以中火加熱，倒入做法2的粉漿快速拌炒至勻即可",https://drive.google.com/open?id=1HDHfdqFov59S50-dei017TD5BPWMorNj
12/31/2024 11:25:02,紹興醉雞,"土雞腿1支
青蔥2支
薑5公克
枸杞1大匙
蔘鬚1小把
紅棗10公克
紹興酒250cc","1.土雞腿洗淨，放入滾水中快速汆燙去血水，撈起備用
2.薑切片；青蔥切段備用
3.另取鍋加入600㏄的水煮至滾沸，將作法1的土雞腿和作法2的薑片、青蔥段放入，開小火煮約20分鐘至土雞腿熟
4.取大容器，將所有的調味料放入混合拌勻，再放入作法3的土雞腿，浸泡約3～4小時即可取出切片盛盤",https://drive.google.com/open?id=1RJJjjit7q5Cmvo7bRV7VAK0wZth54JdC
12/31/2024 11:27:03,鳳爪,"雞腳10支
蔥段15公克
薑片7片
胡椒粒3公克
蒜末5公克
辣椒末5公克
辣椒醬1/2大匙
蠔油1/2大匙
糖少許
米酒1小匙
香油1小匙
醬油3大匙
冰糖1大匙","1.雞腳洗淨，去除爪子，以刀在雞腳柄處畫一刀後，拉出腳骨，以刀背剁斷後取出
2.將作法1的雞爪放入沸水中汆燙約3分鐘後，撈出以冷開水沖洗乾淨後，瀝乾備用
3.取一鍋放入1200cc水，再放入蔥段、薑片、胡椒粒、醬油、冰糖、作法2的雞爪，以中火滷約20分鐘後，取出瀝乾備用
4.所有調味料連同蒜末、辣椒末拌勻後，再放入鳳爪拌勻即可",https://drive.google.com/open?id=1QcXx2XIm0Ur5mjrqdy0rlwel_uvxDduT
12/31/2024 11:51:32,椒麻雞,"去骨雞腿肉200公克
高麗菜絲40公克
香菜末10公克
蒜末5公克
辣椒末10公克
醬油2大匙
檸檬汁1大匙
細砂糖1小匙
花椒粉1/2小匙
醬油1大匙
料酒1小匙","1.去骨雞腿肉洗淨加入所有醃料抓勻，醃漬約20分鐘備用
2.高麗菜絲洗淨，瀝乾水份盛盤墊底
3.熱油鍋至油溫約160℃，加入作法1去骨雞腿肉，以中火炸熟、外表呈焦脆狀後撈起切片，擺入作法2盤中
4.將香菜末、蒜末及辣椒末與所有調味料調勻，淋至作法3上，再撒上花椒粉即可",https://drive.google.com/open?id=1R8ULN9-qnQ67crEGyQuXI0YyjTJGCPAq
12/31/2024 11:56:08,酥炸丁香魚,"大丁香魚200公克
青蔥2根
紅辣椒1根
蒜仁3顆
花生1大匙
麵粉30公克
米酒1大匙
米酒1小匙
鹽少許
白胡椒粉少許
辣油1小匙
香油1小匙
醬油1小匙","1.先將大丁香魚和米酒拌勻醃漬，再均勻裹上麵粉，放入180℃油鍋中，炸至表面上色後撈起，濾油備用
2.將青蔥切小段；紅辣椒、蒜頭切片，備用
3.取一支炒鍋，倒入1大匙沙拉油，加入法2的材料以中火先爆香，再加入作法1的大丁香魚翻炒均勻
4.作法3再加入花生與所有調味料，翻炒均勻即可",https://drive.google.com/open?id=1RRnKWl7ZVfiHccy67cUBJPpl-wyJSwrr
12/31/2024 11:58:53,吻仔魚翡翠羹,"吻仔魚200公克
菠菜300公克
蛋白1個
油蔥酥2大匙
高湯6杯
鹽1大匙
太白粉1又1/2大匙
香油1大匙
胡椒粉1小匙","1.菠菜洗淨，用沸水汆燙後再用冷水泡涼，擠乾水分後切成細末備用
2.高湯煮滾後，加入吻仔魚、菠菜末，再次煮滾時放入鹽調味，再用太白粉水勾芡，淋上蛋白及油蔥酥、香油、胡椒粉即可",https://drive.google.com/open?id=1jFqVqRoYlkm_b1rO3TdaWi3J0dHfRZVW
12/31/2024 12:00:55,豆酥鱈魚,"鱈魚1片
蔥末10公克
蒜末10公克
豆酥20公克
米酒1大匙
醬油1/2大匙
糖1/2小匙
油1大匙
米酒1大匙
薑段10公克
蔥片10公克","1.鱈魚洗淨、瀝乾，放入醃料醃約10分鐘備用
2.將作法1的鱈魚放入蒸鍋中，以中火蒸約15分鐘，取出鱈魚裝盤，並保留蒸鱈魚湯汁備用
3.熱一鍋，放入油、蔥末、豆酥，以小火炒香，放入其餘調味料，並倒入作法2的蒸鱈魚湯汁拌炒均勻
4.將作法3的豆酥醬淋在作法2的鱈魚上即可",https://drive.google.com/open?id=1eNMcWNrSEvLUyflxob1u8-PTgfBxVbmR
12/31/2024 13:39:01,蘿蔔糕,"白蘿蔔600公克
在來米粉300公克
澄粉30公克
臘肉150公克
蝦米100公克
蔥酥少許
水900cc
蠔油3大匙
鹽1大匙
白胡椒粉1/2大匙","1.將臘肉切成碎末狀備用
2.蝦米洗淨後泡軟後，撈出瀝乾水分，切末備用
3.白蘿蔔洗淨，去皮後以刨絲器刨成細絲；在來米粉與澄粉一起放入大碗中，加入400cc水調勻成米漿備用
4.熱鍋倒入3大匙油燒熱，放入作法1及作法2爆香後盛出備用
5.將作法3的蘿蔔絲以中火炒軟，接著加入500cc水與調味料燜煮5分鐘，並將作法3的米漿分次倒入鍋中，以小火拌攪至成糊狀後，再加入大約3/4的作法4材料拌勻
6.將作法5的材料盛入已舖上玻璃紙的模型中，裝至約八分滿
7.拿起摸型在桌上敲數下，以去除裡面的空氣
8.表面先抹平後，再撒上剩餘的作法4材料，並放入蒸鍋中以中大火蒸約40分鐘即可",https://drive.google.com/open?id=18Q7HOr6vkqNpz5hkW5xoD3MWdHYBXlnz
12/31/2024 13:46:35,香菇炒蘆筍,"鮮香菇3朵
蘆筍300公克
蒜頭2顆
雞粉1小匙","1.鮮香菇切片；蒜頭切片，備用
2.蘆筍切段，放入沸水中汆燙至軟化，撈起瀝乾即可
3.熱鍋，倒入少許油，爆香作法1的蒜片、香菇片
4.加入作法2的蘆筍段拌炒均勻，加雞粉調味即可",https://drive.google.com/open?id=1UlpjviJN2z9WUFgRlgncXdW4DuMxs5KB
12/31/2024 13:52:46,南瓜炒米粉,"乾燥米粉1片
南瓜350公克
豬肉30公克
高麗菜80公克
紅蘿蔔20公克
乾香菇3朵
蒜頭2粒
蝦米1大匙
醬油膏1大匙
白胡椒粉1小匙
香油1小匙","1.乾燥米粉泡入冷水中，泡軟之後再使用剪刀剪成約12公分長段備用
2.南瓜去皮去籽，刨成細絲狀；豬肉、高麗菜和紅蘿蔔切絲；乾香菇泡軟，切絲狀；蒜頭切片備用
3.起一個炒鍋，放入豬肉絲和蒜頭一起爆香，再加入高麗菜絲、紅蘿蔔絲、乾香菇翻炒均勻
4.續放入作法1泡軟的米粉和所有調味料，再加入作法2的南瓜絲略翻炒後，蓋上鍋蓋燜約1分鐘即可",https://drive.google.com/open?id=1W6cENt8eZi9r9gBbumFhxSb7_0GtwaNp
12/31/2024 14:06:18,紅燒冬瓜,"冬瓜500公克
薑30公克
醬油2大匙
砂糖1小匙
水400cc","1.冬瓜去皮切塊；薑切片備用
2.取鍋，加入少許油，放入作法1的薑片炒香後，加入作法1的冬瓜塊和調味料燜煮至冬瓜熟透即可",https://drive.google.com/open?id=141iIVBoCkmA2gKmsd4vIF01UOQG6Xj-d
12/31/2024 14:12:46,冬瓜封,"冬瓜1/2斤
醬油1大匙
絞肉200g
蒜頭末5粒
醬油1茶匙
糖1茶匙
味精1茶匙
胡椒粉1茶匙
太白粉1大匙","1.將冬瓜去皮、去籽及（襄瓜）瓢，抹上醬油，略醃20分鐘後，放入120℃油鍋炸約3分鐘
2.將材料B拌勻後，填入冬瓜中，放入大扣碗中，入鍋以中火蒸約90分鐘後，取出倒扣盤中即可食用",https://drive.google.com/open?id=1zEgA33qLHwKgJtFaMNfrLUJuRwieR66q
12/31/2024 14:18:16,炒三鮮,"蝦仁100公克
花枝120公克
海參120公克
洋蔥100公克
青椒20公克
辣椒20公克
薑末5公克
蒜末5公克
鹽1/2小匙
雞粉1/2小匙
糖1/4小匙
烏醋1小匙
香油少許
油2大匙","1.蝦仁背部劃一刀去腸泥；花枝切片；海參切塊放入沸水中汆燙去腥，撈起瀝乾，備用
2.洋蔥、青椒切絲；辣椒切片，備用
3.熱一鍋，放入油、蒜末、薑末爆香，再放入作法2的洋蔥絲，炒數下加入作法1的蝦仁、花枝片、海參塊與作法2的青椒絲，炒至蝦仁變紅
4.最後加入其餘調味料拌炒均勻即可",https://drive.google.com/open?id=1Fp62FqMqC9W4mth5yhIhQGxJY6ZCtjQL
12/31/2024 14:23:03,洋菇炒甜豆,"洋菇100公克
甜豆150公克
紅甜椒20公克
黃甜椒20公克
蔥1支
蒜頭3粒
蠔油1小匙
醬油1小匙
雞粉1小匙
糖1小匙","1.甜豆洗淨去蒂頭、洋菇切片，一起放入滾水中汆燙，備用
2.熱鍋，加入適量沙拉油，放入蔥段、蒜片、紅甜椒片、黃甜椒片炒香，再加入作法1的甜豆、洋菇片及所有調味料拌勻，大火快炒勻即可",https://drive.google.com/open?id=10Gc_L8TQuk1KwSMtP4Me8XharXIPAg-g
12/31/2024 14:25:03,鐵板牛柳,"牛肉150公克
洋蔥1/2個
蒜末1茶匙
奶油1大匙
黑胡椒粗粉1茶匙
蠔油1大匙
鹽1/8茶匙
糖1/4茶匙
太白粉水1茶匙
醬油1茶匙
糖1/4茶匙
太白粉1/2茶匙
嫩肉粉1/4茶匙","1.牛肉切順紋路切成約0.5公分條狀，再加入所有醃料一起拌勻，醃漬約30分鐘，備用
2.洋蔥切絲，備用
3.熱鍋，加入適量油，放入作法1的牛肉條，泡入溫油中約1分鐘後，撈起瀝乾油份，備用
4.同作法3原鍋，倒出多餘的油，再放入奶油加熱融化，加入蒜末、洋蔥絲用小火炒香、炒軟，續加入所有調味料，再放入作法3的牛肉絲，以大火快炒均勻即可",https://drive.google.com/open?id=1xZxhVwROaT-kCsGnyTVwrhX9QRFfPoLl
12/31/2024 14:39:05,蝦仁滑蛋,"雞蛋2顆
蝦仁100公克
辛香料：
青蔥2支
鹽少許
米酒1小匙
白胡椒粉1/4小匙
鹽1/2小匙","1.青蔥切末；雞蛋打散成蛋液，加入蔥末、少許鹽打勻，備用
2.蝦仁加入所有醃料抓勻，備用
3.起鍋，倒入1大匙沙拉油，倒入蛋液炒至半熟，取出備用
4.於作法3原鍋倒入少許沙拉油，放入蝦仁炒熟，再拌入半熟蛋炒勻即可",https://drive.google.com/open?id=1QNRstIjvTu_iMU2Lm9ZTw23uTwbDtFjb
